url,beds,city,date,size,type,baths,price,neighborhood,property_group,size_min_sqft,size_max_sqft,size_mean_sqft,listing_date,listing_age_days,price_per_sqft,neighborhood_bucket
https://www.99acres.com/residential-land-plot-for-sale-in-vaishnavi-urban-county-jigani-bangalore-south-89-sq-yard-to-140-sq-yard-npspid-X80116283,0,Bangalore,2025-02-19,799-1258 sqft,Residential land / Plot,0,2317000.0,Jigani,Land/Plot,799.0,1258.0,1028.5,2025-02-19 00:00:00.000,0.0,2252.795333009237,Other
https://www.99acres.com/2-bhk-bedroom-apartment-flat-for-sale-in-prestige-jindal-city-tumkur-road-bangalore-west-1085-sq-ft-spid-F79144279,2,Bangalore,2025-02-19,1085 sqft,2 BHK Flat,2,12500000.0,Tumkur Road,Apartment/Flat,1085.0,1085.0,1085.0,2025-02-19 00:00:00.000,0.0,11520.737327188941,Other
https://www.99acres.com/sumadhura-capitol-residences-whitefield-bangalore-east-npxid-r433778,3,Bangalore,2025-02-19,1525-2150 sqft,"3, 4 BHK Apartment",0,23200000.0,Whitefield,Apartment/Flat,1525.0,2150.0,1837.5,2025-02-19 00:00:00.000,0.0,12625.850340136054,Other
https://www.99acres.com/provident-botanico-soukya-road-bangalore-east-npxid-r424433,2,Bangalore,2025-02-19,658-1003 sqft,"2, 3 BHK Apartment",0,889000.0,Soukya Road,Apartment/Flat,658.0,1003.0,830.5,2025-02-19 00:00:00.000,0.0,1070.4394942805538,Other
https://www.99acres.com/kvg-superior-kalkere-bangalore-south-npxid-r438820,2,Bangalore,2025-02-19,1179-1449 sqft,"2, 3 BHK Apartment",0,6483000.0,Kalkere,Apartment/Flat,1179.0,1449.0,1314.0,2025-02-19 00:00:00.000,0.0,4933.7899543379,Other
https://www.99acres.com/nambiar-district-25-sarjapur-road-bangalore-east-npxid-r432506,2,Bangalore,2025-02-19,1199-2484 sqft,"2, 3, 4 BHK Apartment",0,15000000.0,Sarjapur Road,Apartment/Flat,1199.0,2484.0,1841.5,2025-02-19 00:00:00.000,0.0,8145.533532446375,Other
https://www.99acres.com/mahaveer-celesse-yelahanka-bangalore-north-npxid-r263821,2,Bangalore,2025-02-19,794-1923 sqft,"2, 3 BHK Apartment",0,7518000.0,Yelahanka,Apartment/Flat,794.0,1923.0,1358.5,2025-02-19 00:00:00.000,0.0,5534.044902465955,Other
https://www.99acres.com/keya-life-by-the-lake-hebbal-bangalore-north-npxid-r178479,4,Bangalore,2025-02-19,0 sqft,"4, 5 BHK Villa",0,39800000.0,Hebbal,Villa,0.0,0.0,0.0,2025-02-19 00:00:00.000,0.0,,Other
https://www.99acres.com/amrutha-platinum-towers-whitefield-bangalore-east-npxid-r305417,2,Bangalore,2025-02-19,1006-1636 sqft,"2, 3 BHK Apartment",0,11100000.0,Whitefield,Apartment/Flat,1006.0,1636.0,1321.0,2025-02-19 00:00:00.000,0.0,8402.725208175625,Other
https://www.99acres.com/keya-spring-bannerghatta-road-bangalore-south-npxid-r401648,2,Bangalore,2025-02-19,1335-2700 sqft,"2, 3, 4 BHK Apartment",0,15700000.0,Bannerghatta Road,Apartment/Flat,1335.0,2700.0,2017.5,2025-02-19 00:00:00.000,0.0,7781.908302354399,Other
https://www.99acres.com/4-bhk-bedroom-apartment-flat-for-sale-in-trump-tower-sector-65-gurgaon-6050-sq-ft-r2-spid-I63419088,4,Gurgaon,2025-02-19,6050 sqft,4 BHK Flat,4,200000000.0,Sector 65,Apartment/Flat,6050.0,6050.0,6050.0,2025-02-19 00:00:00.000,0.0,33057.85123966942,Other
https://www.99acres.com/4-bhk-bedroom-apartment-flat-for-sale-in-indiabulls-centrum-park-sector-103-gurgaon-4200-sq-ft-spid-Y78047881,4,Gurgaon,2025-02-19,4200 sqft,4 BHK Flat,4,40100000.0,Sector 103,Apartment/Flat,4200.0,4200.0,4200.0,2025-02-19 00:00:00.000,0.0,9547.619047619048,Other
https://www.99acres.com/residential-land-plot-for-sale-in-rosewood-city-gurgaon-1000-sq-yard-spid-W80263135,0,Gurgaon,2025-02-19T04:38:38.179Z,9000 sqft,Residential land / Plot,0,249500000.0,Rosewood City,Land/Plot,9000.0,9000.0,9000.0,2025-02-19 04:38:38.179,-1.0,27722.222222222223,Other
https://www.99acres.com/godrej-aristocrat-sector-49-gurgaon-npxid-r419936,3,Gurgaon,2025-02-19T04:38:38.179Z,"967.58 - 1,751.41 sqft",3 BHK Apartment,0,52800000.0,Sector 49,Apartment/Flat,967.58,1751.41,1359.4950000000001,2025-02-19 04:38:38.179,-1.0,38837.95085675195,Sector 49
https://www.99acres.com/4-bhk-bedroom-apartment-flat-for-sale-in-godrej-aristocrat-sector-49-gurgaon-1940-sq-ft-spid-U79308375,4,Gurgaon,2025-02-19T04:38:38.179Z,1942 sqft,4 BHK Apartment,5,69000000.0,Sector 49,Apartment/Flat,1942.0,1942.0,1942.0,2025-02-19 04:38:38.179,-1.0,35530.38105046344,Sector 49
https://www.99acres.com/4-bhk-bedroom-apartment-flat-for-sale-in-orchid-petals-uppals-southend-gurgaon-2562-sq-ft-spid-F79012087,4,Gurgaon,2025-02-19T04:38:38.179Z,2562 sqft,4 BHK Flat,4,41600000.0,Uppals Southend,Apartment/Flat,2562.0,2562.0,2562.0,2025-02-19 04:38:38.179,-1.0,16237.314597970335,Other
https://www.99acres.com/3-bhk-bedroom-apartment-flat-for-sale-in-orchid-petals-sector-49-gurgaon-1805-sq-ft-spid-D79543409,3,Gurgaon,2025-02-19T04:38:38.179Z,1805 sqft,3 BHK Flat,3,30500000.0,Sector 49,Apartment/Flat,1805.0,1805.0,1805.0,2025-02-19 04:38:38.179,-1.0,16897.506925207756,Sector 49
https://www.99acres.com/4-bhk-bedroom-independent-builder-floor-for-sale-in-south-city-2-gurgaon-4500-sq-ft-spid-Q79885617,4,Gurgaon,2025-02-19T04:38:38.179Z,4500 sqft,4 BHK Independent Builder Floor,5,45000000.0,South City 2,Independent Floor,4500.0,4500.0,4500.0,2025-02-19 04:38:38.179,-1.0,10000.0,Other
https://www.99acres.com/4-bhk-bedroom-independent-builder-floor-for-sale-in-rosewood-city-gurgaon-3150-sq-ft-spid-N79854273,4,Gurgaon,2025-02-19T04:38:38.179Z,3150 sqft,4 BHK Independent Builder Floor,4,44900000.0,Rosewood City,Independent Floor,3150.0,3150.0,3150.0,2025-02-19 04:38:38.179,-1.0,14253.968253968254,Other
https://www.99acres.com/4-bhk-bedroom-independent-builder-floor-for-sale-in-luxury-builder-floor-in-south-city-2-south-city-2-gurgaon-3240-sq-ft-spid-L79885421,4,Gurgaon,2025-02-19T04:38:38.179Z,3240 sqft,4 BHK Independent Builder Floor,4,34000000.0,South City 2,Independent Floor,3240.0,3240.0,3240.0,2025-02-19 04:38:38.179,-1.0,10493.827160493827,Other
https://www.99acres.com/3-bhk-bedroom-independent-house-villa-for-sale-in-atchampeta-kakinada-2600-sq-ft-spid-F79579347,3,Kakinada,1mo ago,2600 sqft,Luxury Villa,5,16500000.0,Atchampeta,Villa,2600.0,2600.0,2600.0,,,6346.153846153846,Other
https://www.99acres.com/3-bhk-bedroom-independent-house-villa-for-sale-in-kovvada-kakinada-1800-sq-ft-spid-W79454185,3,Kakinada,1mo ago,1800 sqft,Luxury Villa,2,11600000.0,Kovvada,Villa,1800.0,1800.0,1800.0,,,6444.444444444444,Other
https://www.99acres.com/4-bhk-bedroom-independent-house-villa-for-sale-in-vakalapudi-kakinada-165-sq-ft-spid-J78732827,4,Kakinada,2mo ago,165 sqft,Luxury Villa,6,10000000.0,Vakalapudi,Villa,165.0,165.0,165.0,,,60606.06060606061,Other
https://www.99acres.com/5-bhk-bedroom-independent-house-villa-for-sale-in-sasikanth-nagar-kakinada-28800-sq-ft-spid-O80294923,5,Kakinada,4d ago,2304 sqft,Luxury Villa,5,20000000.0,Sasikanth Nagar,Villa,2304.0,2304.0,2304.0,2025-02-15 00:00:00.000,4.0,8680.555555555555,Sasikanth Nagar
https://www.99acres.com/4-bhk-bedroom-independent-house-villa-for-sale-in-sasikanth-nagar-kakinada-2400-sq-ft-spid-O80266555,4,Kakinada,6d ago,230 sqft,Luxury Villa,5,20000000.0,Sasikanth Nagar,Villa,230.0,230.0,230.0,2025-02-13 00:00:00.000,6.0,86956.52173913043,Sasikanth Nagar
https://www.99acres.com/5-bhk-bedroom-independent-house-villa-for-sale-in-ramanayapeta-kakinada-3150-sq-ft-spid-X80181911,5,Kakinada,1w ago,3150 sqft,Luxury Villa,5,25000000.0,Ramanayapeta,Villa,3150.0,3150.0,3150.0,2025-02-12 00:00:00.000,7.0,7936.507936507936,Ramanayapeta
https://www.99acres.com/3-bhk-bedroom-independent-house-villa-for-sale-in-atchampeta-kakinada-2600-sq-ft-spid-F79579347,3,Kakinada,2025-01-19,2600 sqft,Villa,5,16500000.0,Atchampeta,Villa,2600.0,2600.0,2600.0,2025-01-19 00:00:00.000,31.0,6346.153846153846,Other
https://www.99acres.com/3-bhk-bedroom-independent-house-villa-for-sale-in-kovvada-kakinada-1800-sq-ft-spid-W79454185,3,Kakinada,2025-01-19,1800 sqft,Villa,2,11600000.0,Kovvada,Villa,1800.0,1800.0,1800.0,2025-01-19 00:00:00.000,31.0,6444.444444444444,Other
https://www.99acres.com/2-bhk-bedroom-independent-house-villa-for-sale-in-madhavapatnam-kakinada-350-sq-ft-r1-spid-A76438401,2,Kakinada,2025-01-19,350 sqft,Villa,1,5500000.0,Madhavapatnam,Villa,350.0,350.0,350.0,2025-01-19 00:00:00.000,31.0,15714.285714285714,Other
https://www.99acres.com/3-bhk-bedroom-independent-house-villa-for-sale-in-sbi-employees-colony-kakinada-1283-sq-ft-spid-J78764367,3,Kakinada,2025-01-19,1368 sqft,Villa,3,6900000.0,SBI Employees Colony,Villa,1368.0,1368.0,1368.0,2025-01-19 00:00:00.000,31.0,5043.859649122807,Other
https://www.99acres.com/4-bhk-bedroom-independent-house-villa-for-sale-in-vakalapudi-kakinada-165-sq-ft-spid-J78732827,4,Kakinada,2025-01-19,165 sqft,Villa,6,10000000.0,Vakalapudi,Villa,165.0,165.0,165.0,2025-01-19 00:00:00.000,31.0,60606.06060606061,Other
https://www.99acres.com/5-bhk-bedroom-independent-house-villa-for-sale-in-sasikanth-nagar-kakinada-28800-sq-ft-spid-O80294923,5,Kakinada,2025-01-19,2304 sqft,Villa,4,20000000.0,Sasikanth Nagar,Villa,2304.0,2304.0,2304.0,2025-01-19 00:00:00.000,31.0,8680.555555555555,Sasikanth Nagar
https://www.99acres.com/3-bhk-bedroom-independent-house-villa-for-sale-in-rameswaram-kakinada-1450-sq-ft-spid-G80269003,3,Kakinada,2025-01-19,1450 sqft,Villa,2,5800000.0,Rameswaram,Villa,1450.0,1450.0,1450.0,2025-01-19 00:00:00.000,31.0,4000.0,Other
https://www.99acres.com/4-bhk-bedroom-independent-house-villa-for-sale-in-sasikanth-nagar-kakinada-2400-sq-ft-spid-O80266555,4,Kakinada,2025-01-19,230 sqft,Villa,5,20000000.0,Sasikanth Nagar,Villa,230.0,230.0,230.0,2025-01-19 00:00:00.000,31.0,86956.52173913043,Sasikanth Nagar
https://www.99acres.com/5-bhk-bedroom-independent-house-villa-for-sale-in-ramanayapeta-kakinada-3150-sq-ft-spid-X80181911,5,Kakinada,2025-01-19,3150 sqft,Villa,5,25000000.0,Ramanayapeta,Villa,3150.0,3150.0,3150.0,2025-01-19 00:00:00.000,31.0,7936.507936507936,Ramanayapeta
https://www.99acres.com/4-bhk-bedroom-independent-house-villa-for-sale-in-ramanayapeta-kakinada-1422-sq-ft-spid-T80143813,4,Kakinada,2025-01-19,1422 sqft,Villa,2,8000000.0,Ramanayapeta,Villa,1422.0,1422.0,1422.0,2025-01-19 00:00:00.000,31.0,5625.879043600563,Ramanayapeta
https://www.99acres.com/residential-land-plot-for-sale-in-thagarapuvalasa-visakhapatnam-167-sq-yard-spid-I76078449,0,Visakhapatnam,2025-02-19T04:38:36.102Z,1503 sqft,Residential land / Plot,0,4676000.0,Thagarapuvalasa,Land/Plot,1503.0,1503.0,1503.0,2025-02-19 04:38:36.102,-1.0,3111.1111111111113,Other
https://www.99acres.com/residential-land-plot-for-sale-in-bheemili-visakhapatnam-140-sq-yard-spid-I76618949,0,Visakhapatnam,2025-02-19T04:38:36.102Z,1260 sqft,Residential land / Plot,0,3780000.0,Bheemili,Land/Plot,1260.0,1260.0,1260.0,2025-02-19 04:38:36.102,-1.0,3000.0,Other
https://www.99acres.com/rudra-seniors-madhurawada-visakhapatnam-npxid-r408482,2,Visakhapatnam,2025-02-19T04:38:36.102Z,990 - 1245 sqft,2 BHK Apartment,2,4940000.0,Madhurawada,Apartment/Flat,990.0,1245.0,1117.5,2025-02-19 04:38:36.102,-1.0,4420.581655480984,Madhurawada
https://www.99acres.com/vk-erica-madhurawada-visakhapatnam-npxid-r438076,3,Visakhapatnam,2025-02-19T04:38:36.102Z,1630 - 2190 sqft,3 BHK Apartment,3,9454000.0,Madhurawada,Apartment/Flat,1630.0,2190.0,1910.0,2025-02-19 04:38:36.102,-1.0,4949.738219895288,Madhurawada
https://www.99acres.com/the-celest-gajuwaka-visakhapatnam-npxid-r377188,2,Visakhapatnam,2025-02-19T04:38:36.102Z,823 - 1117 sqft,"2, 3 BHK Apartment",2,7501000.0,Gajuwaka,Apartment/Flat,823.0,1117.0,970.0,2025-02-19 04:38:36.102,-1.0,7732.98969072165,Gajuwaka
https://www.99acres.com/edara-twilight-park-shivaji-palem-visakhapatnam-npxid-r439018,3,Visakhapatnam,2025-02-19T04:38:36.102Z,2195 - 2650 sqft,3 BHK Apartment,3,18700000.0,Shivaji Palem,Apartment/Flat,2195.0,2650.0,2422.5,2025-02-19 04:38:36.102,-1.0,7719.298245614035,Other
https://www.99acres.com/mvv-and-mk-park-gajuwaka-visakhapatnam-npxid-r331705,2,Visakhapatnam,2025-02-19T04:38:36.102Z,895 - 1050 sqft,2 BHK Apartment,2,3133000.0,Gajuwaka,Apartment/Flat,895.0,1050.0,972.5,2025-02-19 04:38:36.102,-1.0,3221.5938303341904,Gajuwaka
https://www.99acres.com/mvv-towers-yendada-visakhapatnam-npxid-r385012,2,Visakhapatnam,2025-02-19T04:38:36.102Z,1158 - 1474 sqft,"2, 3 BHK Apartment",2,6947000.0,Yendada,Apartment/Flat,1158.0,1474.0,1316.0,2025-02-19 04:38:36.102,-1.0,5278.87537993921,Other
https://www.99acres.com/rs-aurora-bay-bheemili-visakhapatnam-npxid-r411360,3,Visakhapatnam,2025-02-19T04:38:36.102Z,3503 - 6226 sqft,"3, 4, 5, 6 BHK Villa",3,29800000.0,Bheemili,Villa,3503.0,6226.0,4864.5,2025-02-19 04:38:36.102,-1.0,6126.015006681057,Other
https://www.99acres.com/residential-land-plot-for-sale-in-vennala-kochi-339-sq-yard-spid-D78423293,0,Kochi,3mo ago,3049 sqft,Residential land / Plot,0,12000000.0,Vennala,Land/Plot,3049.0,3049.0,3049.0,,,3935.716628402755,Vennala
https://www.99acres.com/residential-land-plot-for-sale-in-vennala-kochi-1162-sq-yard-spid-O79520349,0,Kochi,1mo ago,10454 sqft,Residential land / Plot,0,39600000.0,Vennala,Land/Plot,10454.0,10454.0,10454.0,,,3788.023722976851,Vennala
https://www.99acres.com/3-bhk-bedroom-apartment-flat-for-sale-in-nagpal-sapphire-heights-vennala-kochi-1388-sq-ft-spid-D80169371,3,Kochi,1w ago,1388 sqft,3 BHK Flat,2,7500000.0,Nagpal Sapphire Heights,Apartment/Flat,1388.0,1388.0,1388.0,2025-02-12 00:00:00.000,7.0,5403.458213256484,Other
https://www.99acres.com/3-bhk-bedroom-independent-house-villa-for-sale-in-vennala-kochi-1375-sq-ft-spid-J79757557,3,Kochi,4w ago,1375 sqft,3 Bedroom House,3,7000000.0,Vennala,House,1375.0,1375.0,1375.0,2025-01-22 00:00:00.000,28.0,5090.909090909091,Vennala
https://www.99acres.com/3-bhk-bedroom-apartment-flat-for-sale-in-vennala-kochi-1350-sq-ft-r1-spid-J51800632,3,Kochi,1mo ago,1350 sqft,3 BHK Flat,3,5000000.0,sheetal apartments,Apartment/Flat,1350.0,1350.0,1350.0,,,3703.703703703704,Other
https://www.99acres.com/residential-land-plot-for-sale-in-chalikavattom-kochi-104-sq-yard-spid-G78545131,0,Kochi,3mo ago,940 sqft,Residential land / Plot,0,1500000.0,Chalikavattom,Land/Plot,940.0,940.0,940.0,,,1595.7446808510638,Other
https://www.99acres.com/3-bhk-bedroom-independent-house-villa-for-sale-in-chalikavattom-kochi-1375-sq-ft-spid-B78323137,3,Kochi,3mo ago,1375 sqft,3 Bedroom House,3,7000000.0,Chalikavattom,House,1375.0,1375.0,1375.0,,,5090.909090909091,Other
https://www.99acres.com/2-bhk-bedroom-apartment-flat-for-sale-in-chalikavattom-kochi-1000-sq-ft-r5-spid-P60024418,2,Kochi,2w ago,1000 sqft,2 BHK Flat,2,8000000.0,good earth hamlet,Apartment/Flat,1000.0,1000.0,1000.0,2025-02-05 00:00:00.000,14.0,8000.0,Other
https://www.99acres.com/3-bhk-bedroom-independent-house-villa-for-sale-in-chakkaraparambu-kochi-1000-sq-ft-r2-spid-R63177728,3,Kochi,2mo ago,1000 sqft,3 Bedroom House,3,7500000.0,Chakkaraparambu,House,1000.0,1000.0,1000.0,,,7500.0,Other
https://www.99acres.com/residential-land-plot-for-sale-in-chakkaraparambu-kochi-3975-sq-yard-r1-spid-Q55098104,0,Kochi,2mo ago,35790 sqft,Residential land / Plot,0,35000000.0,Chakkaraparambu,Land/Plot,35790.0,35790.0,35790.0,,,977.9267951941883,Other
https://www.99acres.com/9-bhk-bedroom-independent-house-villa-for-sale-in-sector-39-noida-3226-sq-ft-r8-spid-U66608396,9,Noida,1mo ago,3229 sqft,Independent House/Villa,9,55000000.0,Sector 39,Villa,3229.0,3229.0,3229.0,,,17033.137194177765,Other
https://www.99acres.com/residential-land-plot-for-sale-in-rwa-sector-122-sector-122-noida-538-sq-yard-spid-C79242955,0,Noida,Yesterday,4843 sqft,Residential Land,0,90000000.0,Sector 122,Land/Plot,4843.0,4843.0,4843.0,2025-02-18 00:00:00.000,1.0,18583.52260995251,Other
https://www.99acres.com/residential-land-plot-for-sale-in-od-kedeswar-vihar-phulnakhara-bhubaneswar-133-sq-yard-to-222-sq-yard-npspid-S78806221,0,Bhubaneswar,2025-02-19,1200-2000 sqft,Residential land / Plot,0,1559000.0,Phulnakhara,Land/Plot,1200.0,2000.0,1600.0,2025-02-19 00:00:00.000,0.0,974.375,Other
https://www.99acres.com/3-bhk-bedroom-apartment-flat-for-sale-in-shuvam-meadows-patia-bhubaneswar-2179-sq-ft-spid-V79818033,3,Bhubaneswar,2025-02-19,2179 sqft,3 BHK Flat,3,18000000.0,Patia,Apartment/Flat,2179.0,2179.0,2179.0,2025-02-19 00:00:00.000,0.0,8260.670032124828,Other
https://www.99acres.com/mahima-greenex-hanspal-bhubaneswar-npxid-r413530,2,Bhubaneswar,2025-02-19,758.34 - 945.73 sqft,"2, 3 BHK Apartment",0,7900000.0,Hanspal,Apartment/Flat,758.34,945.73,852.0350000000001,2025-02-19 00:00:00.000,0.0,9271.919580768395,Other
https://www.99acres.com/one-world-janla-bhubaneswar-npxid-r424559,2,Bhubaneswar,2025-02-19,1185 - 1610 sqft,"2, 3 BHK Apartment",0,8938000.0,Janla,Apartment/Flat,1185.0,1610.0,1397.5,2025-02-19 00:00:00.000,0.0,6395.706618962433,Other
https://www.99acres.com/urban-sereno-gothapatna-bhubaneswar-npxid-r420678,2,Bhubaneswar,2025-02-19,1691 - 2543 sqft,"2, 3 BHK Apartment",0,8286000.0,Gothapatna,Apartment/Flat,1691.0,2543.0,2117.0,2025-02-19 00:00:00.000,0.0,3914.0292867265,Other
https://www.99acres.com/falcon-tatva-khandagiri-bhubaneswar-npxid-r411558,3,Bhubaneswar,2025-02-19,1527 - 2078 sqft,"3, 4 BHK Apartment",0,20600000.0,Khandagiri,Apartment/Flat,1527.0,2078.0,1802.5,2025-02-19 00:00:00.000,0.0,11428.57142857143,Other
https://www.99acres.com/motwani-anantara-jharapada-bhubaneswar-npxid-r421539,3,Bhubaneswar,2025-02-19,2160 - 3190 sqft,"3, 4 BHK Apartment",0,14700000.0,Jharapada,Apartment/Flat,2160.0,3190.0,2675.0,2025-02-19 00:00:00.000,0.0,5495.327102803738,Other
https://www.99acres.com/z-padmanabha-pahala-bhubaneswar-npxid-r413474,2,Bhubaneswar,2025-02-19,923 - 3097 sqft,"2, 3, 4, 5 BHK Apartment",0,11800000.0,Pahala,Apartment/Flat,923.0,3097.0,2010.0,2025-02-19 00:00:00.000,0.0,5870.646766169154,Other
https://www.99acres.com/utkal-reserve-patrapada-bhubaneswar-npxid-r390078,2,Bhubaneswar,2025-02-19,1877 - 3038 sqft,"2, 3, 4, 5 BHK Apartment",0,14000000.0,Patrapada,Apartment/Flat,1877.0,3038.0,2457.5,2025-02-19 00:00:00.000,0.0,5696.846388606307,Other
https://www.99acres.com/utkal-isquare-patia-bhubaneswar-npxid-r424292,2,Bhubaneswar,2025-02-19,704.71 - 1009.23 sqft,"2, 3 BHK Apartment",0,7200000.0,Patia,Apartment/Flat,704.71,1009.23,856.97,2025-02-19 00:00:00.000,0.0,8401.69434169224,Other
https://www.99acres.com/5-bhk-bedroom-independent-house-villa-for-sale-in-s-saamarth-twinland-koba-gandhinagar-8478-sq-ft-to-10573-sq-ft-npspid-G79358405,5,Gandhinagar,2025-02-19,8478-10573 sqft,5 BHK House,0,0.0,"Koba, Raysan",House,8478.0,10573.0,9525.5,2025-02-19 00:00:00.000,0.0,0.0,Other
https://www.99acres.com/2-bhk-bedroom-apartment-flat-for-sale-in-sargasan-gandhinagar-1530-sq-ft-spid-Z79621649,2,Gandhinagar,2025-02-19,1530 sqft,2 BHK Flat,2,6500000.0,Sargasan,Apartment/Flat,1530.0,1530.0,1530.0,2025-02-19 00:00:00.000,0.0,4248.366013071895,Sargasan
https://www.99acres.com/polaris-calice-randesan-gandhinagar-npxid-r411905,3,Gandhinagar,2025-02-19,2511-2655 sqft,3 BHK Apartment,0,11200000.0,Randesan,Apartment/Flat,2511.0,2655.0,2583.0,2025-02-19 00:00:00.000,0.0,4336.043360433604,Other
https://www.99acres.com/sobha-elysia-gift-city-gandhinagar-npxid-r426127,3,Gandhinagar,2025-02-19,1225.7-2611 sqft,"3, 4 BHK Apartment",0,25400000.0,Gift City,Apartment/Flat,1225.7,2611.0,1918.35,2025-02-19 00:00:00.000,0.0,13240.545260249695,Other
https://www.99acres.com/altezza-by-the-palm-sargasan-gandhinagar-npxid-r394631,3,Gandhinagar,2025-02-19,2916 sqft,3 BHK Apartment,0,11900000.0,Sargasan,Apartment/Flat,2916.0,2916.0,2916.0,2025-02-19 00:00:00.000,0.0,4080.932784636488,Sargasan
https://www.99acres.com/the-one-randesan-gandhinagar-npxid-r425978,4,Gandhinagar,2025-02-19,4158-5598 sqft,"4, 5 BHK Apartment",0,20000000.0,Randesan,Apartment/Flat,4158.0,5598.0,4878.0,2025-02-19 00:00:00.000,0.0,4100.041000410004,Other
https://www.99acres.com/polaris-casarica-sargasan-gandhinagar-npxid-r393562,3,Gandhinagar,2025-02-19,2475 sqft,3 BHK Apartment,0,10700000.0,Sargasan,Apartment/Flat,2475.0,2475.0,2475.0,2025-02-19 00:00:00.000,0.0,4323.232323232323,Sargasan
https://www.99acres.com/srushti-kudasan-gandhinagar-npxid-r383515,2,Gandhinagar,2025-02-19,1503-3915 sqft,"2, 3, 4 BHK Apartment",0,7014000.0,Kudasan,Apartment/Flat,1503.0,3915.0,2709.0,2025-02-19 00:00:00.000,0.0,2589.1472868217056,Other
https://www.99acres.com/ekarth-sarvam-koba-gandhinagar-npxid-r428573,4,Gandhinagar,2025-02-19,6750-7560 sqft,"4, 5 BHK Apartment",0,0.0,Koba,Apartment/Flat,6750.0,7560.0,7155.0,2025-02-19 00:00:00.000,0.0,0.0,Other
https://www.99acres.com/shilp-north-sky-gift-city-gandhinagar-npxid-r406643,2,Gandhinagar,2025-02-19,1325-4717 sqft,"2, 3, 4 BHK Apartment",0,12200000.0,Gift City,Apartment/Flat,1325.0,4717.0,3021.0,2025-02-19 00:00:00.000,0.0,4038.3978814961933,Other
https://www.99acres.com/residential-land-plot-for-sale-in-kanyakumari-121-sq-yard-spid-C79440309,0,Kanyakumari,2025-02-17,1090 sqft,Plot/Land,0,4000000.0,"Near Shri Shirdi Sai Baba Temple, Pothayadi junction.",Land/Plot,1090.0,1090.0,1090.0,2025-02-17 00:00:00.000,2.0,3669.7247706422017,Other
https://www.99acres.com/residential-land-plot-for-sale-in-azad-nagar-madhavalayam-kanyakumari-339-sq-yard-spid-R79917611,0,Kanyakumari,2025-02-05,3049 sqft,Plot/Land,0,6300000.0,"Madhavalayam, Azad Nagar",Land/Plot,3049.0,3049.0,3049.0,2025-02-05 00:00:00.000,14.0,2066.2512299114464,Other
https://www.99acres.com/residential-land-plot-for-sale-in-thiruppathisaram-kanyakumari-48-sq-yard-spid-C79621191,0,Kanyakumari,2025-02-02,435 sqft,Plot/Land,0,1100000.0,Thiruppathisaram,Land/Plot,435.0,435.0,435.0,2025-02-02 00:00:00.000,17.0,2528.735632183908,Other
https://www.99acres.com/residential-land-plot-for-sale-in-putheri-kanyakumari-242-sq-yard-spid-N79629105,0,Kanyakumari,2025-02-02,2178 sqft,Plot/Land,0,4000000.0,Putheri,Land/Plot,2178.0,2178.0,2178.0,2025-02-02 00:00:00.000,17.0,1836.5472910927456,Other
https://www.99acres.com/residential-land-plot-for-sale-in-thuckalay-kanyakumari-439-sq-yard-spid-K80381775,0,Kanyakumari,2025-02-18,3950 sqft,Plot/Land,0,13500000.0,Thuckalay,Land/Plot,3950.0,3950.0,3950.0,2025-02-18 00:00:00.000,1.0,3417.721518987342,Other
https://www.99acres.com/residential-land-plot-for-sale-in-kulasekharam-kanyakumari-290-sq-yard-spid-G80376215,0,Kanyakumari,2025-02-18,2613 sqft,Plot/Land,0,3600000.0,Kulasekharam,Land/Plot,2613.0,2613.0,2613.0,2025-02-18 00:00:00.000,1.0,1377.7267508610792,Other
https://www.99acres.com/residential-land-plot-for-sale-in-marthandam-kanyakumari-1111-sq-yard-spid-X80321373,0,Kanyakumari,2025-02-16,10000 sqft,Plot/Land,0,53000000.0,Marthandam,Land/Plot,10000.0,10000.0,10000.0,2025-02-16 00:00:00.000,3.0,5300.0,Other
https://www.99acres.com/residential-land-plot-for-sale-in-mandaikadu-kanyakumari-629-sq-yard-spid-N80300531,0,Kanyakumari,2025-02-15,5662 sqft,Plot/Land,0,5460000.0,Mandaikadu,Land/Plot,5662.0,5662.0,5662.0,2025-02-15 00:00:00.000,4.0,964.3235605793006,Other
https://www.99acres.com/residential-land-plot-for-sale-in-thuckalay-kanyakumari-242-sq-yard-spid-V80241639,0,Kanyakumari,2025-02-15,2178 sqft,Plot/Land,0,3000000.0,Thuckalay,Land/Plot,2178.0,2178.0,2178.0,2025-02-15 00:00:00.000,4.0,1377.4104683195592,Other
https://www.99acres.com/3-bhk-bedroom-independent-house-villa-for-sale-in-marthandam-kanyakumari-3800-sq-ft-spid-G80215947,3,Kanyakumari,2025-02-12,3800 sqft,House,2,10000000.0,Marthandam,House,3800.0,3800.0,3800.0,2025-02-12 00:00:00.000,7.0,2631.5789473684213,Other
https://www.99acres.com/residential-land-plot-for-sale-in-sulur-coimbatore-319-sq-yard-r2-spid-H77649167,0,Coimbatore,2025-02-19,2874 sqft,Residential land / Plot,0,1998000.0,Sulur,Land/Plot,2874.0,2874.0,2874.0,2025-02-19 00:00:00.000,0.0,695.1983298538622,Sulur
https://www.99acres.com/residential-land-plot-for-sale-in-ettimadai-coimbatore-147-sq-yard-spid-D79347859,0,Coimbatore,2025-02-19,1321 sqft,Residential land / Plot,0,7678000.0,Ettimadai,Land/Plot,1321.0,1321.0,1321.0,2025-02-19 00:00:00.000,0.0,5812.26343679031,Other
https://www.99acres.com/green-field-crystal-gateway-sulur-coimbatore-npxid-r439016,2,Coimbatore,2025-02-19,Varies,"2, 3, 4 BHK Villa, Land",0,1240000.0,Sulur,Land/Plot,,,,2025-02-19 00:00:00.000,0.0,,Sulur
https://www.99acres.com/royal-kalpataru-ganapathy-coimbatore-npxid-r275677,4,Coimbatore,2025-02-19,Varies,"4, 5 BHK Villa",0,25100000.0,Ganapathy,Villa,,,,2025-02-19 00:00:00.000,0.0,,Other
https://www.99acres.com/harish-bhairav-vellakinar-coimbatore-npxid-r398187,2,Coimbatore,2025-02-19,Varies,"2, 3 BHK Villa",0,1500000.0,Vellakinar,Villa,,,,2025-02-19 00:00:00.000,0.0,,Other
https://www.99acres.com/rks-shivom-sulur-coimbatore-npxid-r409009,2,Coimbatore,2025-02-19,Varies,"2, 3 BHK Villa, Land",0,948000.0,Sulur,Land/Plot,,,,2025-02-19 00:00:00.000,0.0,,Sulur
https://www.99acres.com/trisquare-amber-gn-mills-coimbatore-npxid-r430125,3,Coimbatore,2025-02-19,Varies,"3, 4, 5 BHK Villa",0,23000000.0,GN Mills,Villa,,,,2025-02-19 00:00:00.000,0.0,,Other
https://www.99acres.com/vsks-aira-singanallur-coimbatore-npxid-r397871,2,Coimbatore,2025-02-19,Varies,"2, 3, 4 BHK Apartment",0,880000.0,Singanallur,Apartment/Flat,,,,2025-02-19 00:00:00.000,0.0,,Other
https://www.99acres.com/golden-town-karamadai-coimbatore-npxid-r439297,0,Coimbatore,2025-02-19,Varies,Land,0,1859000.0,Karamadai,Land/Plot,,,,2025-02-19 00:00:00.000,0.0,,Other
https://www.99acres.com/skm-indraprastha-residency-thudiyalur-coimbatore-npxid-r421314,3,Coimbatore,2025-02-19,Varies,"3, 4 BHK Villa",0,8232000.0,Thudiyalur,Villa,,,,2025-02-19 00:00:00.000,0.0,,Other
https://www.99acres.com/residential-land-plot-for-sale-in-penamaluru-vijayawada-167-sq-yard-r13-spid-J63431142,0,Vijayawada,2025-02-19,1503 sqft,Residential land / Plot,0,2004000.0,Penamaluru,Land/Plot,1503.0,1503.0,1503.0,2025-02-19 00:00:00.000,0.0,1333.3333333333333,Other
https://www.99acres.com/residential-land-plot-for-sale-in-penamaluru-vijayawada-183-sq-yard-r13-spid-B63431288,0,Vijayawada,2025-02-19,1647 sqft,Residential land / Plot,0,2196000.0,Penamaluru,Land/Plot,1647.0,1647.0,1647.0,2025-02-19 00:00:00.000,0.0,1333.3333333333333,Other
https://www.99acres.com/alekhya-grand-sri-ramachandra-nagar-vijayawada-npxid-r425422,4,Vijayawada,2025-02-19,3258 - 4122 sqft,4 BHK Apartment,0,26700000.0,Sri Ramachandra Nagar,Apartment/Flat,3258.0,4122.0,3690.0,2025-02-19 00:00:00.000,0.0,7235.772357723577,Other
https://www.99acres.com/aiswarya-gateway-pamarru-vijayawada-npxid-r439430,0,Vijayawada,2025-02-19,1215.46 - 2702.6 sqft,Land,0,1350000.0,Pamarru,Land/Plot,1215.46,2702.6,1959.03,2025-02-19 00:00:00.000,0.0,689.116552579593,Other
https://www.99acres.com/fugen-royal-infinia-ramavarappadu-vijayawada-npxid-r436943,0,Vijayawada,2025-02-19,2124 - 7119 sqft,Land,0,7552000.0,Ramavarappadu,Land/Plot,2124.0,7119.0,4621.5,2025-02-19 00:00:00.000,0.0,1634.101482202748,Other
https://www.99acres.com/sree-hemadurga-jewel-county-gannavaram-vijayawada-npxid-r295973,2,Vijayawada,2025-02-19,801.62 - 1108.17 sqft,"2, 3 BHK Apartment",2,5065000.0,Gannavaram,Apartment/Flat,801.62,1108.17,954.895,2025-02-19 00:00:00.000,0.0,5304.248111048859,Other
https://www.99acres.com/vasishta-olympia-poranki-vijayawada-npxid-r423035,3,Vijayawada,2025-02-19,2800 - 4000 sqft,"3, 4 BHK Apartment",0,0.0,Poranki,Apartment/Flat,2800.0,4000.0,3400.0,2025-02-19 00:00:00.000,0.0,0.0,Other
https://www.99acres.com/badris-jishnu-nivas-tadigadapa-vijayawada-npxid-r423265,2,Vijayawada,2025-02-19,1275 - 3141 sqft,"2, 3 BHK Apartment",0,0.0,Tadigadapa,Apartment/Flat,1275.0,3141.0,2208.0,2025-02-19 00:00:00.000,0.0,0.0,Other
https://www.99acres.com/residential-land-plot-for-sale-in-ambapuram-vijayawada-533-sq-yard-r2-spid-N66036718,0,Vijayawada,2025-02-19,4797 sqft,Residential land / Plot,0,20000000.0,Ambapuram,Land/Plot,4797.0,4797.0,4797.0,2025-02-19 00:00:00.000,0.0,4169.272461955389,Other
https://www.99acres.com/residential-land-plot-for-sale-in-birpara-jalpaiguri-80-sq-yard-r1-spid-Y78452569,0,Jalpaiguri,2025-02-19T04:38:38.010Z,720 sqft,Residential land / Plot,0,500000.0,Mansarovar Township (Siliguri WB),Land/Plot,720.0,720.0,720.0,2025-02-19 04:38:38.010,-1.0,694.4444444444445,Other
https://www.99acres.com/residential-land-plot-for-sale-in-uttar-kamakhyaguri-jalpaiguri-8342-sq-yard-spid-R80314621,0,Jalpaiguri,2025-02-19T04:38:38.010Z,75075 sqft,Residential land / Plot,0,10400000.0,Uttar Kamakhyaguri,Land/Plot,75075.0,75075.0,75075.0,2025-02-19 04:38:38.010,-1.0,138.52813852813853,Other
https://www.99acres.com/10-bhk-bedroom-independent-house-villa-for-sale-in-jalpaiguri-2024-sq-ft-spid-X80148443,10,Jalpaiguri,2025-02-19T04:38:38.010Z,2024 sqft,10 Bedroom House,3,6500000.0,Kirat Bhumi,House,2024.0,2024.0,2024.0,2025-02-19 04:38:38.010,-1.0,3211.4624505928855,Other
https://www.99acres.com/residential-land-plot-for-sale-in-jalpaiguri-375-sq-yard-r22-spid-M25289542,0,Jalpaiguri,2025-02-19T04:38:38.010Z,3375 sqft,Residential land / Plot,0,11000000.0,Hakimpara,Land/Plot,3375.0,3375.0,3375.0,2025-02-19 04:38:38.010,-1.0,3259.259259259259,Other
https://www.99acres.com/2-bhk-bedroom-independent-house-villa-for-sale-in-maynaguri-jalpaiguri-3200-sq-ft-spid-J79575407,2,Jalpaiguri,2025-02-19T04:38:38.010Z,3200 sqft,2 Bedroom House,1,3000000.0,Maynaguri,House,3200.0,3200.0,3200.0,2025-02-19 04:38:38.010,-1.0,937.5,Other
https://www.99acres.com/residential-land-plot-for-sale-in-jalpaiguri-480-sq-yard-spid-B79283981,0,Jalpaiguri,2025-02-19T04:38:38.010Z,4319 sqft,Residential land / Plot,0,2400000.0,Ambari falakata,Land/Plot,4319.0,4319.0,4319.0,2025-02-19 04:38:38.010,-1.0,555.6841861542024,Other
https://www.99acres.com/5-bhk-bedroom-independent-house-villa-for-sale-in-goshala-jalpaiguri-2102-sq-ft-spid-H79094883,5,Jalpaiguri,2025-02-19T04:38:38.010Z,2102 sqft,5 Bedroom House,2,6700000.0,Goshala,House,2102.0,2102.0,2102.0,2025-02-19 04:38:38.010,-1.0,3187.44053282588,Other
https://www.99acres.com/2-bhk-bedroom-apartment-flat-for-sale-in-rajbari-para-jalpaiguri-890-sq-ft-spid-K79003267,2,Jalpaiguri,2025-02-19T04:38:38.010Z,890 sqft,2 BHK Flat,2,3500000.0,Rajbari Para,Apartment/Flat,890.0,890.0,890.0,2025-02-19 04:38:38.010,-1.0,3932.5842696629215,Other
https://www.99acres.com/residential-land-plot-for-sale-in-chalsa-jalpaiguri-800-sq-yard-spid-A78943427,0,Jalpaiguri,2025-02-19T04:38:38.010Z,7199 sqft,Residential land / Plot,0,5000000.0,Chalsa,Land/Plot,7199.0,7199.0,7199.0,2025-02-19 04:38:38.010,-1.0,694.5409084595083,Other
https://www.99acres.com/residential-land-plot-for-sale-in-gairkata-jalpaiguri-1360-sq-yard-spid-V78830671,0,Jalpaiguri,2025-02-19T04:38:38.010Z,12239 sqft,Residential land / Plot,0,6000000.0,Gairkata,Land/Plot,12239.0,12239.0,12239.0,2025-02-19 04:38:38.010,-1.0,490.23613040281066,Other
https://www.99acres.com/residential-land-plot-for-sale-in-nawabpet-medak-150-sq-yard-spid-I79945783,0,Hyderabad,2025-02-19,1350 sqft,Residential land / Plot,0,2400000.0,Nawabpet,Land/Plot,1350.0,1350.0,1350.0,2025-02-19 00:00:00.000,0.0,1777.7777777777778,Other
https://www.99acres.com/3-bhk-bedroom-apartment-flat-for-sale-in-mokila-hyderabad-2713-sq-ft-r1-spid-D78555737,3,Hyderabad,2025-02-19,2713 sqft,3 BHK Flat,4,13600000.0,Mokila,Apartment/Flat,2713.0,2713.0,2713.0,2025-02-19 00:00:00.000,0.0,5012.900847769996,Other
https://www.99acres.com/bricks-marvella-tellapur-hyderabad-npxid-r416504,2,Hyderabad,2025-02-19,Varies,"2, 3, 4 BHK Apartment",2,10000000.0,Tellapur,Apartment/Flat,,,,2025-02-19 00:00:00.000,0.0,,Tellapur
https://www.99acres.com/pranathis-kiara-tellapur-hyderabad-npxid-r405130,2,Hyderabad,2025-02-19,Varies,"2, 3 BHK Apartment",2,9305000.0,Tellapur,Apartment/Flat,,,,2025-02-19 00:00:00.000,0.0,,Tellapur
https://www.99acres.com/ananda-the-legacey-manikonda-hyderabad-npxid-r434519,2,Hyderabad,2025-02-19,Varies,"2, 3 BHK Apartment",2,9582000.0,Manikonda,Apartment/Flat,,,,2025-02-19 00:00:00.000,0.0,,Other
https://www.99acres.com/moonglade-apartments-kokapet-hyderabad-npxid-r438704,3,Hyderabad,2025-02-19,Varies,"3, 4 BHK Apartment",3,12600000.0,Kokapet,Apartment/Flat,,,,2025-02-19 00:00:00.000,0.0,,Other
https://www.99acres.com/vajra-the-royal-park-bowrampet-hyderabad-npxid-r389235,2,Hyderabad,2025-02-19,Varies,"2, 3 BHK Apartment",2,6756000.0,Bowrampet,Apartment/Flat,,,,2025-02-19 00:00:00.000,0.0,,Other
https://www.99acres.com/dithya-agarta-kompally-hyderabad-npxid-r435622,3,Hyderabad,2025-02-19,Varies,"3, 4 BHK Apartment",3,0.0,Kompally,Apartment/Flat,,,,2025-02-19 00:00:00.000,0.0,,Other
https://www.99acres.com/incor-lake-city-patancheru-hyderabad-npxid-r373118,1,Hyderabad,2025-02-19,Varies,"1, 2, 3 BHK Apartment",1,8212000.0,Patancheru,Apartment/Flat,,,,2025-02-19 00:00:00.000,0.0,,Other
https://www.99acres.com/nsl-nakshatra-kphb-hyderabad-npxid-r428751,3,Hyderabad,2025-02-19,Varies,"3, 4 BHK Apartment",3,19200000.0,KPHB,Apartment/Flat,,,,2025-02-19 00:00:00.000,0.0,,Other
https://www.99acres.com/2-bhk-bedroom-apartment-flat-for-sale-in-gandhi-nagar-kakinada-1450-sq-ft-r2-spid-K71725910,2,Kakinada,2025-02-18,1450 sqft,Flat,2,7800000.0,Gandhi Nagar,Apartment/Flat,1450.0,1450.0,1450.0,2025-02-18 00:00:00.000,1.0,5379.310344827586,Other
https://www.99acres.com/residential-land-plot-for-sale-in-turangi-kakinada-452-sq-yard-spid-U79636559,0,Kakinada,2025-02-05,4068 sqft,Land,0,11600000.0,Turangi,Land/Plot,4068.0,4068.0,4068.0,2025-02-05 00:00:00.000,14.0,2851.5240904621437,Other
https://www.99acres.com/3-bhk-bedroom-apartment-flat-for-sale-in-santhi-nagar-kakinada-1860-sq-ft-spid-Z78886921,3,Kakinada,2025-01-19,1860 sqft,Flat,3,9300000.0,Santhi Nagar,Apartment/Flat,1860.0,1860.0,1860.0,2025-01-19 00:00:00.000,31.0,5000.0,Other
https://www.99acres.com/3-bhk-bedroom-apartment-flat-for-sale-in-vidyut-nagar-kakinada-1472-sq-ft-spid-K77492637,3,Kakinada,2025-01-19,1472 sqft,Flat,2,7000000.0,Vidyut Nagar,Apartment/Flat,1472.0,1472.0,1472.0,2025-01-19 00:00:00.000,31.0,4755.434782608696,Other
https://www.99acres.com/3-bhk-bedroom-apartment-flat-for-sale-in-vidyut-nagar-kakinada-1550-sq-ft-spid-O78636973,3,Kakinada,2025-01-19,1550 sqft,Flat,3,8500000.0,Vidyut Nagar,Apartment/Flat,1550.0,1550.0,1550.0,2025-01-19 00:00:00.000,31.0,5483.870967741936,Other
https://www.99acres.com/2-bhk-bedroom-apartment-flat-for-sale-in-kakinada-1100-sq-ft-spid-N79724963,2,Kakinada,2025-02-18,1100 sqft,Flat,2,5000000.0,Santinagar,Apartment/Flat,1100.0,1100.0,1100.0,2025-02-18 00:00:00.000,1.0,4545.454545454545,Other
https://www.99acres.com/3-bhk-bedroom-apartment-flat-for-sale-in-rama-rao-peta-kakinada-1265-sq-ft-spid-L79080669,3,Kakinada,2025-01-19,1265 sqft,Flat,2,6578000.0,Rama Rao Peta,Apartment/Flat,1265.0,1265.0,1265.0,2025-01-19 00:00:00.000,31.0,5200.0,Other
https://www.99acres.com/4-bhk-bedroom-apartment-flat-for-sale-in-ramanayapeta-kakinada-2628-sq-ft-spid-L79139157,4,Kakinada,2025-01-19,2628 sqft,Flat,4,18000000.0,Ramanayapeta,Apartment/Flat,2628.0,2628.0,2628.0,2025-01-19 00:00:00.000,31.0,6849.315068493151,Ramanayapeta
https://www.99acres.com/residential-land-plot-for-sale-in-nadakuduru-kakinada-15-sq-yard-spid-L80364535,0,Kakinada,2025-02-19,133 sqft,Land,0,1064000.0,Nadakuduru,Land/Plot,133.0,133.0,133.0,2025-02-19 00:00:00.000,0.0,8000.0,Other
https://www.99acres.com/2-bhk-bedroom-independent-house-villa-for-sale-in-suresh-nagar-kakinada-1080-sq-ft-spid-R80352773,2,Kakinada,2025-02-19,1080 sqft,House,2,5000000.0,Suresh Nagar,House,1080.0,1080.0,1080.0,2025-02-19 00:00:00.000,0.0,4629.62962962963,Other
https://www.99acres.com/residential-land-plot-for-sale-in-budheshwar-lucknow-111-sq-yard-r1-spid-R78689421,0,Lucknow,2025-02-19,1000 sqft,Residential land / Plot,0,1099000.0,Budheshwar,Land/Plot,1000.0,1000.0,1000.0,2025-02-19 00:00:00.000,0.0,1099.0,Other
https://www.99acres.com/3-bhk-bedroom-apartment-flat-for-sale-in-sultanpur-road-lucknow-1489-sq-ft-r1-spid-J78635815,3,Lucknow,2025-02-19,1489 sqft,3 BHK Flat,3,6105000.0,Sultanpur Road,Apartment/Flat,1489.0,1489.0,1489.0,2025-02-19 00:00:00.000,0.0,4100.067159167226,Other
https://www.99acres.com/rishita-mulberry-heights-sushant-golf-city-lucknow-npxid-r325311,2,Lucknow,2025-02-19,various,"2, 3 BHK Apartment",0,9059000.0,Sushant Golf City,Apartment/Flat,,,,2025-02-19 00:00:00.000,0.0,,Sushant Golf City
https://www.99acres.com/krishna-tower-kanpur-road-lucknow-npxid-r152473,2,Lucknow,2025-02-19,various,"2, 3 BHK Apartment",0,3943000.0,Kanpur Road,Apartment/Flat,,,,2025-02-19 00:00:00.000,0.0,,Other
https://www.99acres.com/eldeco-trinity-gomti-nagar-extension-lucknow-npxid-r421468,2,Lucknow,2025-02-19,various,"2, 3, 4, 5 BHK Apartment",0,20300000.0,Gomti Nagar Extension,Apartment/Flat,,,,2025-02-19 00:00:00.000,0.0,,Gomti Nagar Extension
https://www.99acres.com/shalimar-one-world-21-gomti-nagar-extension-lucknow-npxid-r429111,3,Lucknow,2025-02-19,various,3 BHK Apartment,0,23500000.0,Gomti Nagar Extension,Apartment/Flat,,,,2025-02-19 00:00:00.000,0.0,,Gomti Nagar Extension
https://www.99acres.com/green-park-city-sultanpur-road-lucknow-npxid-r401774,0,Lucknow,2025-02-19,various,Land,0,750000.0,Sultanpur Road,Land/Plot,,,,2025-02-19 00:00:00.000,0.0,,Other
https://www.99acres.com/oro-constella-sushant-golf-city-lucknow-npxid-r409651,3,Lucknow,2025-02-19,various,"3, 4, 5 BHK Apartment",0,14900000.0,Sushant Golf City,Apartment/Flat,,,,2025-02-19 00:00:00.000,0.0,,Sushant Golf City
https://www.99acres.com/shalimar-one-world-pinnacle-gomti-nagar-extension-lucknow-npxid-r423230,4,Lucknow,2025-02-19,various,"4, 5 BHK Apartment",0,45900000.0,Gomti Nagar Extension,Apartment/Flat,,,,2025-02-19 00:00:00.000,0.0,,Gomti Nagar Extension
https://www.99acres.com/jashn-elevate-sushant-golf-city-lucknow-npxid-r427388,2,Lucknow,2025-02-19,various,"2, 3 BHK Apartment",0,15800000.0,Sushant Golf City,Apartment/Flat,,,,2025-02-19 00:00:00.000,0.0,,Sushant Golf City
https://www.99acres.com/2-bhk-bedroom-apartment-flat-for-sale-in-vinoth-viraj-maduravoyal-chennai-west-928-sq-ft-to-991-sq-ft-npspid-Q80337163,2,Chennai,2025-02-19,928-991 sqft,2 BHK Flat,2,8445000.0,Maduravoyal,Apartment/Flat,928.0,991.0,959.5,2025-02-19 00:00:00.000,0.0,8801.459093277748,Other
https://www.99acres.com/3-bhk-bedroom-apartment-flat-for-sale-in-udhayam-saimugil-chitlapakkam-chennai-south-1647-sq-ft-npspid-P79116647,3,Chennai,2025-02-19,1647 sqft,3 BHK Flat,3,12500000.0,Chitlapakkam,Apartment/Flat,1647.0,1647.0,1647.0,2025-02-19 00:00:00.000,0.0,7589.556769884639,Other
https://www.99acres.com/rajparis-diamond-mogappair-west-chennai-north-npxid-r409851,3,Chennai,2025-02-19,1208-1390 sqft,3 BHK Apartment,3,12000000.0,Mogappair West,Apartment/Flat,1208.0,1390.0,1299.0,2025-02-19 00:00:00.000,0.0,9237.875288683603,Other
https://www.99acres.com/divyasree-hub6-thiruporur-chennai-south-npxid-r12874,0,Chennai,2025-02-19,1200-3000 sqft,Land,0,4080000.0,Thiruporur,Land/Plot,1200.0,3000.0,2100.0,2025-02-19 00:00:00.000,0.0,1942.857142857143,Other
https://www.99acres.com/brigade-altius-sholinganallur-chennai-south-npxid-r438256,3,Chennai,2025-02-19,1101-3265 sqft,"3, 4 BHK Apartment",3,19200000.0,Sholinganallur,Apartment/Flat,1101.0,3265.0,2183.0,2025-02-19 00:00:00.000,0.0,8795.235913879982,Other
https://www.99acres.com/marvellous-t-nagar-chennai-south-npxid-r398941,3,Chennai,2025-02-19,1654-3091 sqft,"3, 4 BHK Apartment",3,34000000.0,T Nagar,Apartment/Flat,1654.0,3091.0,2372.5,2025-02-19 00:00:00.000,0.0,14330.874604847208,Other
https://www.99acres.com/urban-pearl-county-pattabiram-chennai-north-npxid-r373276,0,Chennai,2025-02-19,794-1510 sqft,Land,0,1984000.0,Pattabiram,Land/Plot,794.0,1510.0,1152.0,2025-02-19 00:00:00.000,0.0,1722.2222222222222,Other
https://www.99acres.com/kg-kingdom-of-joy-sriperumbudur-chennai-west-npxid-r438496,0,Chennai,2025-02-19,630-4000 sqft,Land,0,1260000.0,Sriperumbudur,Land/Plot,630.0,4000.0,2315.0,2025-02-19 00:00:00.000,0.0,544.2764578833693,Other
https://www.99acres.com/ashiana-swarang-ecr-chennai-south-npxid-r439006,1,Chennai,2025-02-19,912-1462 sqft,"1, 2, 3 BHK Apartment",1,8460000.0,ECR,Apartment/Flat,912.0,1462.0,1187.0,2025-02-19 00:00:00.000,0.0,7127.211457455771,Other
https://www.99acres.com/ashiana-vatsalya-mahindra-city-chennai-south-npxid-r439005,1,Chennai,2025-02-19,891-1530 sqft,"1, 2, 3 BHK Apartment",1,7090000.0,Mahindra City,Apartment/Flat,891.0,1530.0,1210.5,2025-02-19 00:00:00.000,0.0,5857.083849648905,Other
https://www.99acres.com/3-bhk-bedroom-apartment-flat-for-sale-in-santacruz-west-western-mumbai-1459-sq-ft-r1-spid-C78553579,3,Mumbai,2025-02-19,1459 sqft,Flat,4,73000000.0,Santacruz West,Apartment/Flat,1459.0,1459.0,1459.0,2025-02-19 00:00:00.000,0.0,50034.27004797807,Other
https://www.99acres.com/2-bhk-bedroom-apartment-flat-for-sale-in-lodha-casa-rio-dombivli-east-dombivli-east-mumbai-beyond-thane-686-sq-ft-r1-spid-A77236477,2,Thane,2025-02-19,686 sqft,Flat,2,5000000.0,Dombivli East,Apartment/Flat,686.0,686.0,686.0,2025-02-19 00:00:00.000,0.0,7288.62973760933,Other
https://www.99acres.com/godrej-horizon-wadala-south-mumbai-npxid-r389975,2,Mumbai,2025-02-19,627 - 1476.92 sqft,Apartment,2,29900000.0,Wadala,Apartment/Flat,627.0,1476.92,1051.96,2025-02-19 00:00:00.000,0.0,28423.133959466137,Other
https://www.99acres.com/l-and-t-island-cove-mahim-west-south-mumbai-npxid-r394731,2,Mumbai,2025-02-19,694.81 - 1219.77 sqft,Apartment,2,29100000.0,Mahim West,Apartment/Flat,694.81,1219.77,957.29,2025-02-19 00:00:00.000,0.0,30398.311901304725,Other
https://www.99acres.com/lodha-divino-matunga-south-mumbai-npxid-r404243,2,Mumbai,2025-02-19,713.97 - 1727 sqft,Apartment,2,29800000.0,Matunga,Apartment/Flat,713.97,1727.0,1220.4850000000001,2025-02-19 00:00:00.000,0.0,24416.522939651037,Other
https://www.99acres.com/lodha-the-park-worli-south-mumbai-npxid-r13344,2,Mumbai,2025-02-19,839 - 2254 sqft,Apartment,2,48000000.0,Worli,Apartment/Flat,839.0,2254.0,1546.5,2025-02-19 00:00:00.000,0.0,31037.827352085355,Other
https://www.99acres.com/l-and-t-the-gateway-sewri-south-mumbai-npxid-r423314,3,Mumbai,2025-02-19,1133.34 - 2251 sqft,Apartment,2,44700000.0,Sewri,Apartment/Flat,1133.34,2251.0,1692.17,2025-02-19 00:00:00.000,0.0,26415.785648014087,Other
https://www.99acres.com/lodha-new-cuffe-parade-wadala-south-mumbai-npxid-r1354,1,Mumbai,2025-02-19,350.69 - 2747 sqft,Apartment,1,14400000.0,Wadala,Apartment/Flat,350.69,2747.0,1548.845,2025-02-19 00:00:00.000,0.0,9297.250531847925,Other
https://www.99acres.com/rustomjee-crown-prabhadevi-south-mumbai-npxid-r725,3,Mumbai,2025-02-19,1334.74 - 3088 sqft,Apartment,2,95400000.0,Prabhadevi,Apartment/Flat,1334.74,3088.0,2211.37,2025-02-19 00:00:00.000,0.0,43140.67749856424,Other
https://www.99acres.com/piramal-mahalaxmi-mahalaxmi-south-mumbai-npxid-r303861,2,Mumbai,2025-02-19,713.8 - 1850 sqft,Apartment,2,45700000.0,Mahalaxmi,Apartment/Flat,713.8,1850.0,1281.9,2025-02-19 00:00:00.000,0.0,35650.20672439347,Other
https://www.99acres.com/3-bhk-bedroom-independent-builder-floor-for-sale-in-paschim-vihar-west-delhi-1350-sq-ft-r4-spid-F74144417,3,Delhi,2025-02-19,1350 sqft,Independent Builder Floor,3,25500000.0,Paschim Vihar,Independent Floor,1350.0,1350.0,1350.0,2025-02-19 00:00:00.000,0.0,18888.88888888889,Other
https://www.99acres.com/3-bhk-bedroom-independent-builder-floor-for-sale-in-surajmal-vihar-east-delhi-1800-sq-ft-spid-W78462503,3,Delhi,2025-02-19,1800 sqft,Independent Builder Floor,2,26500000.0,Surajmal Vihar,Independent Floor,1800.0,1800.0,1800.0,2025-02-19 00:00:00.000,0.0,14722.222222222223,Other
https://www.99acres.com/sky-high-luxury-homes-sector-8-dwarka-delhi-npxid-r348181,2,Delhi,2025-02-19,Not specified,Independent Floor,2,8500000.0,Sector 8 Dwarka,Independent Floor,,,,2025-02-19 00:00:00.000,0.0,,Other
https://www.99acres.com/bhardwaj-builder-floors-model-town-north-delhi-npxid-r376612,3,Delhi,2025-02-19,Not specified,Independent Floor,3,0.0,Model Town,Independent Floor,,,,2025-02-19 00:00:00.000,0.0,,Other
https://www.99acres.com/dlf-capital-greens-1-and-2-moti-nagar-west-delhi-npxid-r473,2,Delhi,2025-02-19,Not specified,Apartment,2,21000000.0,Moti Nagar,Apartment/Flat,,,,2025-02-19 00:00:00.000,0.0,,Other
https://www.99acres.com/unity-group-the-amaryllis-karol-bagh-central-delhi-npxid-r217503,2,Delhi,2025-02-19,Not specified,Apartment,2,22500000.0,Karol Bagh,Apartment/Flat,,,,2025-02-19 00:00:00.000,0.0,,Other
https://www.99acres.com/3baan-farms-chattarpur-south-delhi-npxid-r436830,4,Delhi,2025-02-19,Not specified,Villa,4,90000000.0,Chattarpur,Villa,,,,2025-02-19 00:00:00.000,0.0,,Other
https://www.99acres.com/pradeep-luxury-builders-floor-anand-vihar-east-delhi-npxid-r435515,2,Delhi,2025-02-19,Not specified,Independent Floor,2,13000000.0,Anand Vihar,Independent Floor,,,,2025-02-19 00:00:00.000,0.0,,Other
https://www.99acres.com/chandok-apartments-and-floors-janakpuri-west-delhi-npxid-r437221,2,Delhi,2025-02-19,Not specified,Apartment,2,11000000.0,Janakpuri,Apartment/Flat,,,,2025-02-19 00:00:00.000,0.0,,Other
https://www.99acres.com/luxury-floors-by-omdev-homes-greater-kailash-2-south-delhi-npxid-r436246,3,Delhi,2025-02-19,Not specified,Independent Floor,3,50000000.0,Greater Kailash 2,Independent Floor,,,,2025-02-19 00:00:00.000,0.0,,Other
https://www.99acres.com/3-bhk-bedroom-apartment-flat-for-sale-in-mahimas-palm-springs-tonk-road-jaipur-1705-sq-ft-to-2127-sq-ft-npspid-F79764097,3,Jaipur,2025-02-19,1705-2127 sqft,3 BHK Flat,2,9378000.0,Tonk Road,Apartment/Flat,1705.0,2127.0,1916.0,2025-02-19 00:00:00.000,0.0,4894.572025052192,Other
https://www.99acres.com/3-bhk-bedroom-apartment-flat-for-sale-in-richwell-empress-mansarovar-jaipur-1741-sq-ft-to-2194-sq-ft-npspid-T80075881,3,Jaipur,2025-02-19,1741-2194 sqft,3 BHK Flat,2,12200000.0,Mansarovar,Apartment/Flat,1741.0,2194.0,1967.5,2025-02-19 00:00:00.000,0.0,6200.762388818297,Mansarovar
https://www.99acres.com/vardhman-empress-mansarovar-jaipur-npxid-r435628,3,Jaipur,2025-02-19,1741-5060 sqft,"3, 4, 5 BHK Apartment",2,12200000.0,Mansarovar,Apartment/Flat,1741.0,5060.0,3400.5,2025-02-19 00:00:00.000,0.0,3587.7076900455813,Mansarovar
https://www.99acres.com/viaans-radiant-vaishali-nagar-extension-jaipur-npxid-r438325,2,Jaipur,2025-02-19,1069.26-1551.92 sqft,"2, 3 BHK Apartment",2,5132000.0,Vaishali Nagar Extension,Apartment/Flat,1069.26,1551.92,1310.5900000000001,2025-02-19 00:00:00.000,0.0,3915.7936501880827,Other
https://www.99acres.com/the-altitude-jagatpura-jaipur-npxid-r438439,3,Jaipur,2025-02-19,2120-2900 sqft,"3, 4 BHK Apartment",2,12300000.0,Jagatpura,Apartment/Flat,2120.0,2900.0,2510.0,2025-02-19 00:00:00.000,0.0,4900.398406374502,Jagatpura
https://www.99acres.com/balaji-green-park-vaishali-nagar-jaipur-npxid-r434249,2,Jaipur,2025-02-19,833.98-1583.45 sqft,"2, 3 BHK Apartment",2,4200000.0,Vaishali Nagar,Apartment/Flat,833.98,1583.45,1208.7150000000001,2025-02-19 00:00:00.000,0.0,3474.764522654223,Other
https://www.99acres.com/mahal-niwas-jagatpura-jaipur-npxid-r430517,3,Jaipur,2025-02-19,1392.31-1566 sqft,3 BHK Apartment,2,5846000.0,Jagatpura,Apartment/Flat,1392.31,1566.0,1479.155,2025-02-19 00:00:00.000,0.0,3952.256524840196,Jagatpura
https://www.99acres.com/trimurty-divinity-c-scheme-jaipur-npxid-r380493,3,Jaipur,2025-02-19,1927.91-2737.18 sqft,"3, 4 BHK Apartment",2,28900000.0,C Scheme,Apartment/Flat,1927.91,2737.18,2332.545,2025-02-19 00:00:00.000,0.0,12389.900302030614,Other
https://www.99acres.com/askg-pinnacle-place-mansarovar-jaipur-npxid-r438214,3,Jaipur,2025-02-19,1344-1456 sqft,3 BHK Apartment,2,6182000.0,Mansarovar,Apartment/Flat,1344.0,1456.0,1400.0,2025-02-19 00:00:00.000,0.0,4415.714285714285,Mansarovar
https://www.99acres.com/shivam-majestic-jagatpura-jaipur-npxid-r407878,3,Jaipur,2025-02-19,1445.36-1932.63 sqft,"3, 4 BHK Apartment",2,7225000.0,Jagatpura,Apartment/Flat,1445.36,1932.63,1688.995,2025-02-19 00:00:00.000,0.0,4277.691763445126,Jagatpura
https://www.99acres.com/3-bhk-bedroom-apartment-flat-for-sale-in-godrej-tropical-isle-sector-146-noida-1925-sq-ft-r3-spid-V76331591,3,Noida,2025-02-19,1925 sqft,3 BHK Flat,3,29800000.0,Sector 146,Apartment/Flat,1925.0,1925.0,1925.0,2025-02-19 00:00:00.000,0.0,15480.51948051948,Other
https://www.99acres.com/residential-land-plot-for-sale-in-g-block-sector-44-noida-717-sq-yard-r13-spid-M61426252,0,Noida,2025-02-19,6458 sqft,Residential land / Plot,0,270000000.0,Block G Sector 44,Land/Plot,6458.0,6458.0,6458.0,2025-02-19 00:00:00.000,0.0,41808.60947661815,Other
https://www.99acres.com/ivory-county-sector-115-noida-npxid-r400436,3,Noida,2025-02-19,Varies,"3, 4, 5 BHK Apartment",0,29500000.0,Sector 115,Apartment/Flat,,,,2025-02-19 00:00:00.000,0.0,,Other
https://www.99acres.com/godrej-riverine-sector-44-noida-npxid-r431964,3,Noida,2025-02-19,Varies,"3, 4 BHK Apartment",0,73000000.0,Sector 44,Apartment/Flat,,,,2025-02-19 00:00:00.000,0.0,,Other
https://www.99acres.com/ats-picturesque-reprieves-sector-152-noida-npxid-r269397,3,Noida,2025-02-19,Varies,"3, 4 BHK Apartment",0,25900000.0,Sector 152,Apartment/Flat,,,,2025-02-19 00:00:00.000,0.0,,Other
https://www.99acres.com/godrej-woods-sector-43-noida-npxid-r374312,2,Noida,2025-02-19,Varies,"2, 3, 4, 5 BHK Apartment",0,18000000.0,Sector 43,Apartment/Flat,,,,2025-02-19 00:00:00.000,0.0,,Other
https://www.99acres.com/ivy-county-sector-75-noida-npxid-r341813,3,Noida,2025-02-19,Varies,"3, 4 BHK Apartment",0,26500000.0,Sector 75,Apartment/Flat,,,,2025-02-19 00:00:00.000,0.0,,Other
https://www.99acres.com/experion-elements-sector-45-noida-npxid-r414339,3,Noida,2025-02-19,Varies,"3, 4 BHK Apartment",0,59500000.0,Sector 45,Apartment/Flat,,,,2025-02-19 00:00:00.000,0.0,,Other
https://www.99acres.com/aba-cleo-county-sector-121-noida-npxid-r2274,3,Noida,2025-02-19,Varies,"3, 4 BHK Apartment",0,23000000.0,sector 121,Apartment/Flat,,,,2025-02-19 00:00:00.000,0.0,,Other
https://www.99acres.com/m3m-the-cullinan-sector-94-noida-npxid-r410631,3,Noida,2025-02-19,Varies,"3, 4, 5 BHK Apartment",0,81700000.0,Sector 94,Apartment/Flat,,,,2025-02-19 00:00:00.000,0.0,,Other
https://www.99acres.com/residential-land-plot-for-sale-in-bihta-patna-133-sq-yard-r4-spid-K71904360,0,Patna,2025-02-19,1200 sqft,Residential land / Plot,0,1558000.0,Bihta,Land/Plot,1200.0,1200.0,1200.0,2025-02-19 00:00:00.000,0.0,1298.3333333333333,Other
https://www.99acres.com/residential-land-plot-for-sale-in-sonepur-patna-267-sq-yard-spid-G79871327,0,Patna,2025-02-19,2400 sqft,Residential land / Plot,0,5520000.0,Sonepur,Land/Plot,2400.0,2400.0,2400.0,2025-02-19 00:00:00.000,0.0,2300.0,Other
https://www.99acres.com/residential-land-plot-for-sale-in-jeoni-mandi-agra-11000-sq-yard-r1-spid-R76308881,0,Agra,2w ago,99000 sqft,Residential land / Plot,0,600000000.0,Jeoni Mandi,Land/Plot,99000.0,99000.0,99000.0,2025-02-05 00:00:00.000,14.0,6060.606060606061,Other
https://www.99acres.com/5-bhk-bedroom-independent-house-villa-for-sale-in-civil-lines-agra-3753-sq-ft-r1-spid-H64272968,5,Agra,3w ago,3753 sqft,5 Bedroom House,2,41700000.0,Civil Lines,House,3753.0,3753.0,3753.0,2025-01-29 00:00:00.000,21.0,11111.111111111111,Other
https://www.99acres.com/3-bhk-bedroom-apartment-flat-for-sale-in-shanker-greens-taj-nagari-agra-1883-sq-ft-spid-A78746085,3,Agra,2mo ago,1883 sqft,3 BHK Flat,3,11000000.0,Taj Nagari,Apartment/Flat,1883.0,1883.0,1883.0,,,5841.741901221455,Other
https://www.99acres.com/2-bhk-bedroom-apartment-flat-for-sale-in-shastripuram-agra-968-sq-ft-r1-spid-A76332025,2,Agra,2mo ago,968 sqft,2 BHK Flat,2,5200000.0,Shastripuram,Apartment/Flat,968.0,968.0,968.0,,,5371.900826446281,Other
https://www.99acres.com/3-bhk-bedroom-apartment-flat-for-sale-in-eminent-emerald-residency-dayal-bagh-agra-1705-sq-ft-r4-spid-J65913662,3,Agra,2mo ago,1705 sqft,3 BHK Flat,3,8200000.0,Dayal Bagh,Apartment/Flat,1705.0,1705.0,1705.0,,,4809.384164222874,Dayal Bagh
https://www.99acres.com/2-bhk-bedroom-apartment-flat-for-sale-in-maharishi-puram-colony-agra-894-sq-ft-spid-T79980809,2,Agra,1mo ago,894 sqft,2 BHK Flat,2,4000000.0,Maharishi Puram Colony,Apartment/Flat,894.0,894.0,894.0,,,4474.27293064877,Other
https://www.99acres.com/3-bhk-bedroom-independent-house-villa-for-sale-in-dayal-bagh-agra-2367-sq-ft-spid-D79087041,3,Agra,2mo ago,2367 sqft,3 Bedroom House,3,31500000.0,Dayal Bagh,House,2367.0,2367.0,2367.0,,,13307.984790874525,Dayal Bagh
https://www.99acres.com/residential-land-plot-for-sale-in-shastripuram-agra-358-sq-yard-spid-Z78224673,0,Agra,3mo ago,3229 sqft,Residential land / Plot,0,25000000.0,Shastripuram,Land/Plot,3229.0,3229.0,3229.0,,,7742.33508826262,Other
https://www.99acres.com/residential-land-plot-for-sale-in-dayal-bagh-agra-1333-sq-yard-spid-E80071237,0,Agra,1w ago,11997 sqft,Residential land / Plot,0,27000000.0,Dayal Bagh,Land/Plot,11997.0,11997.0,11997.0,2025-02-12 00:00:00.000,7.0,2250.562640660165,Dayal Bagh
https://www.99acres.com/4-bhk-bedroom-independent-house-villa-for-sale-in-nalanda-town-shamshabad-road-agra-1250-sq-ft-spid-O78357211,4,Agra,3mo ago,1250 sqft,4 Bedroom House,3,5200000.0,Shamshabad Road,House,1250.0,1250.0,1250.0,,,4160.0,Other
https://www.99acres.com/residential-land-plot-for-sale-in-dakamarri-visakhapatnam-400-sq-yard-spid-D79154929,0,Visakhapatnam,2025-02-19T04:38:35.432Z,3600 sqft,Residential land / Plot,0,12000000.0,Dakamarri,Land/Plot,3600.0,3600.0,3600.0,2025-02-19 04:38:35.432,-1.0,3333.3333333333335,Other
https://www.99acres.com/4-bhk-bedroom-independent-house-villa-for-sale-in-kommadi-visakhapatnam-2403-sq-ft-r1-spid-B76462667,4,Visakhapatnam,2025-02-19T04:38:35.432Z,2403 sqft,4 Bedroom House,4,19500000.0,Kommadi,House,2403.0,2403.0,2403.0,2025-02-19 04:38:35.432,-1.0,8114.8564294631715,Other
https://www.99acres.com/4-bhk-bedroom-independent-house-villa-for-sale-in-maddilapalem-visakhapatnam-2800-sq-ft-spid-Y79147007,4,Visakhapatnam,2025-02-19T04:38:35.432Z,2800 sqft,4 Bedroom House,1,12000000.0,Maddilapalem,House,2800.0,2800.0,2800.0,2025-02-19 04:38:35.432,-1.0,4285.714285714285,Other
https://www.99acres.com/residential-land-plot-for-sale-in-anandapuram-visakhapatnam-400-sq-yard-spid-X79146491,0,Visakhapatnam,2025-02-19T04:38:35.432Z,3600 sqft,Residential land / Plot,0,11000000.0,Anandapuram,Land/Plot,3600.0,3600.0,3600.0,2025-02-19 04:38:35.432,-1.0,3055.5555555555557,Other
https://www.99acres.com/residential-land-plot-for-sale-in-narsipatnam-visakhapatnam-1258-sq-yard-spid-O79144285,0,Visakhapatnam,2025-02-19T04:38:35.432Z,11325 sqft,Residential land / Plot,0,10000000.0,Narsipatnam,Land/Plot,11325.0,11325.0,11325.0,2025-02-19 04:38:35.432,-1.0,883.0022075055188,Other
https://www.99acres.com/residential-land-plot-for-sale-in-sattenapalle-guntur-6534-sq-yard-spid-V79143043,0,Guntur,2025-02-19T04:38:35.432Z,58806 sqft,Residential land / Plot,0,10000000.0,Sattenapalle,Land/Plot,58806.0,58806.0,58806.0,2025-02-19 04:38:35.432,-1.0,170.05067510118016,Other
https://www.99acres.com/5-bhk-bedroom-independent-builder-floor-for-sale-in-rtc-colony-kakinada-3000-sq-ft-spid-G79138381,5,Kakinada,2025-02-19T04:38:35.432Z,3000 sqft,5 BHK Independent Builder Floor,5,12500000.0,RTC colony,Independent Floor,3000.0,3000.0,3000.0,2025-02-19 04:38:35.432,-1.0,4166.666666666667,Other
https://www.99acres.com/residential-land-plot-for-sale-in-vizianagaram-800-sq-yard-spid-W79131335,0,Vizianagaram,2025-02-19T04:38:35.432Z,7200 sqft,Residential land / Plot,0,16000000.0,Modavalasa,Land/Plot,7200.0,7200.0,7200.0,2025-02-19 04:38:35.432,-1.0,2222.222222222222,Other
https://www.99acres.com/2-bhk-bedroom-independent-house-villa-for-sale-in-sector-9-mvp-colony-visakhapatnam-4500-sq-ft-spid-Q79125923,2,Visakhapatnam,2025-02-19T04:38:35.432Z,4500 sqft,2 Bedroom House,2,20000000.0,Sector 9 MVP Colony,House,4500.0,4500.0,4500.0,2025-02-19 04:38:35.432,-1.0,4444.444444444444,Other
https://www.99acres.com/7-bhk-bedroom-independent-house-villa-for-sale-in-tandur-vikarabad-4338-sq-ft-spid-G79120191,7,Vikarabad,2025-02-19T04:38:35.432Z,4338 sqft,7 Bedroom House,7,20000000.0,Tandur,House,4338.0,4338.0,4338.0,2025-02-19 04:38:35.432,-1.0,4610.419548178885,Other
https://www.99acres.com/4-bhk-bedroom-apartment-flat-for-sale-in-sb-city-by-sb-ventures-thimmapuram-kakinada-3900-sq-ft-spid-M79907219,4,Kakinada,2025-02-19T04:38:34.048Z,3900 sqft,Flat,3,30000000.0,Thimmapuram,Apartment/Flat,3900.0,3900.0,3900.0,2025-02-19 04:38:34.048,-1.0,7692.307692307692,Other
https://www.99acres.com/12-bhk-bedroom-independent-house-villa-for-sale-in-pallamraju-nagar-kakinada-8500-sq-ft-spid-S79358009,12,Kakinada,2025-02-19T04:38:34.048Z,8500 sqft,House,12,42000000.0,Pallamraju Nagar,House,8500.0,8500.0,8500.0,2025-02-19 04:38:34.048,-1.0,4941.176470588235,Other
https://www.99acres.com/5-bhk-bedroom-independent-house-villa-for-sale-in-sarpavaram-kakinada-2430-sq-ft-r2-spid-E73411155,5,Kakinada,2025-02-19T04:38:34.048Z,2430 sqft,House,4,33000000.0,Sarpavaram,House,2430.0,2430.0,2430.0,2025-02-19 04:38:34.048,-1.0,13580.246913580248,Other
https://www.99acres.com/2-bhk-bedroom-apartment-flat-for-sale-in-cheediga-kakinada-1980-sq-ft-spid-B78290771,2,Kakinada,2025-02-19T04:38:34.048Z,1980 sqft,Flat,2,30000000.0,Cheediga,Apartment/Flat,1980.0,1980.0,1980.0,2025-02-19 04:38:34.048,-1.0,15151.515151515152,Other
https://www.99acres.com/residential-land-plot-for-sale-in-narasanna-nagar-kakinada-496-sq-yard-spid-S79146237,0,Kakinada,2025-02-19T04:38:34.048Z,4464 sqft,Land,0,32500000.0,Narasanna Nagar,Land/Plot,4464.0,4464.0,4464.0,2025-02-19 04:38:34.048,-1.0,7280.465949820788,Other
https://www.99acres.com/10-bhk-bedroom-independent-house-villa-for-sale-in-sarpavaram-kakinada-484-sq-ft-spid-F78756201,10,Kakinada,2025-02-19T04:38:34.048Z,484 sqft,House,6,33900000.0,Sarpavaram,House,484.0,484.0,484.0,2025-02-19 04:38:34.048,-1.0,70041.32231404958,Other
https://www.99acres.com/4-bhk-bedroom-independent-house-villa-for-sale-in-kakinada-2655-sq-ft-spid-G79250079,4,Kakinada,2025-02-19T04:38:34.048Z,2655 sqft,House,5,25000000.0,"SBI Staff Colony, Srinivasa Nagar",House,2655.0,2655.0,2655.0,2025-02-19 04:38:34.048,-1.0,9416.195856873823,Other
https://www.99acres.com/2-bhk-bedroom-independent-house-villa-for-sale-in-ashok-nagar-kakinada-1800-sq-ft-r1-spid-U74770179,2,Kakinada,2025-02-19T04:38:34.048Z,1800 sqft,House,3,25000000.0,Ashok Nagar,House,1800.0,1800.0,1800.0,2025-02-19 04:38:34.048,-1.0,13888.888888888889,Other
https://www.99acres.com/5-bhk-bedroom-independent-house-villa-for-sale-in-ramanayapeta-kakinada-3150-sq-ft-spid-X80181911,5,Kakinada,2025-02-19T04:38:34.048Z,3150 sqft,House,5,25000000.0,Ramanayapeta,House,3150.0,3150.0,3150.0,2025-02-19 04:38:34.048,-1.0,7936.507936507936,Ramanayapeta
https://www.99acres.com/residential-land-plot-for-sale-in-chitrada-kakinada-5179-sq-yard-spid-V79225539,0,Kakinada,2025-02-19T04:38:34.048Z,46609 sqft,Land,0,25000000.0,Chitrada,Land/Plot,46609.0,46609.0,46609.0,2025-02-19 04:38:34.048,-1.0,536.3770945525542,Other
https://www.99acres.com/residential-land-plot-for-sale-in-gajuwaka-visakhapatnam-302-sq-yard-spid-I78221397,0,Visakhapatnam,3mo ago,2718 sqft,Residential land / Plot,0,30000000.0,Gajuwaka,Land/Plot,2718.0,2718.0,2718.0,,,11037.527593818984,Gajuwaka
https://www.99acres.com/3-bhk-bedroom-apartment-flat-for-sale-in-kancharapalem-visakhapatnam-1380-sq-ft-r1-spid-U73988533,3,Visakhapatnam,3mo ago,1380 sqft,3 BHK Flat,2,7000000.0,Kancharapalem,Apartment/Flat,1380.0,1380.0,1380.0,,,5072.463768115942,Other
https://www.99acres.com/residential-land-plot-for-sale-in-anakapalle-visakhapatnam-10503-sq-yard-spid-I78216765,0,Visakhapatnam,3mo ago,94525 sqft,Residential land / Plot,0,15100000.0,Anakapalle,Land/Plot,94525.0,94525.0,94525.0,,,159.7460989156308,Other
https://www.99acres.com/2-bhk-bedroom-apartment-flat-for-sale-in-group-apartment-madhurawada-visakhapatnam-980-sq-ft-spid-T78214855,2,Visakhapatnam,3mo ago,980 sqft,2 BHK Flat,2,4500000.0,Madhurawada,Apartment/Flat,980.0,980.0,980.0,,,4591.836734693878,Madhurawada
https://www.99acres.com/2-bhk-bedroom-apartment-flat-for-sale-in-pedagantyada-visakhapatnam-920-sq-ft-spid-R78212059,2,Visakhapatnam,3mo ago,920 sqft,2 BHK Flat,2,4500000.0,Pedagantyada,Apartment/Flat,920.0,920.0,920.0,,,4891.304347826087,Other
https://www.99acres.com/residential-land-plot-for-sale-in-bhogapuram-visakhapatnam-167-sq-yard-spid-T78209499,0,Visakhapatnam,3mo ago,1503 sqft,Residential land / Plot,0,3000000.0,Bhogapuram,Land/Plot,1503.0,1503.0,1503.0,,,1996.007984031936,Other
https://www.99acres.com/3-bhk-bedroom-apartment-flat-for-sale-in-mvv-city-madhurawada-visakhapatnam-1500-sq-ft-spid-V78208957,3,Visakhapatnam,3mo ago,1500 sqft,3 BHK Flat,2,12500000.0,Madhurawada,Apartment/Flat,1500.0,1500.0,1500.0,,,8333.333333333334,Madhurawada
https://www.99acres.com/2-bhk-bedroom-serviced-apartment-flat-for-sale-in-hema-abodes-twin-bliss-muralinagar-visakhapatnam-1200-sq-ft-spid-I78202793,2,Visakhapatnam,3mo ago,1200 sqft,2 BHK Serviced Apartment,2,8500000.0,Muralinagar,Apartment/Flat,1200.0,1200.0,1200.0,,,7083.333333333333,Other
https://www.99acres.com/other-residential-property-for-sale-in-narsipatnam-visakhapatnam-740527-sq-ft-spid-O78202453,0,Visakhapatnam,3mo ago,740520 sqft,Residential property,0,40000000.0,Narsipatnam,Other,740520.0,740520.0,740520.0,,,54.01609679684546,Other
https://www.99acres.com/residential-land-plot-for-sale-in-visakhapatnam-160-sq-yard-spid-X78202271,0,Visakhapatnam,3mo ago,1440 sqft,Residential land / Plot,0,5500000.0,balacheruvu road,Land/Plot,1440.0,1440.0,1440.0,,,3819.4444444444443,Other
https://www.99acres.com/property-rates-and-price-trends-in-sector-92-noida-prffid,2,Noida,2025-02-19,sq.ft,Apartment,2,17400.0,Noida Greater Noida Expressway,Apartment/Flat,,,,2025-02-19 00:00:00.000,0.0,,Noida Greater Noida Expressway
https://www.99acres.com/property-rates-and-price-trends-in-sector-144-noida-prffid,3,Noida,2025-02-19,sq.ft,Apartment,2,13500.0,Noida Greater Noida Expressway,Apartment/Flat,,,,2025-02-19 00:00:00.000,0.0,,Noida Greater Noida Expressway
https://www.99acres.com/property-rates-and-price-trends-in-sector-75-noida-prffid,3,Noida,2025-02-19,sq.ft,Apartment,2,13400.0,Central Noida,Apartment/Flat,,,,2025-02-19 00:00:00.000,0.0,,Other
https://www.99acres.com/property-rates-and-price-trends-in-sector-151-noida-prffid,2,Noida,2025-02-19,sq.ft,Apartment,2,7250.0,Noida Greater Noida Expressway,Apartment/Flat,,,,2025-02-19 00:00:00.000,0.0,,Noida Greater Noida Expressway
https://www.99acres.com/property-rates-and-price-trends-in-sector-143b-noida-prffid,2,Noida,2025-02-19,sq.ft,Apartment,2,12500.0,Noida Greater Noida Expressway,Apartment/Flat,,,,2025-02-19 00:00:00.000,0.0,,Noida Greater Noida Expressway
https://www.99acres.com/property-rates-and-price-trends-in-sector-107-noida-prffid,3,Noida,2025-02-19,sq.ft,Apartment,2,14800.0,Noida Greater Noida Expressway,Apartment/Flat,,,,2025-02-19 00:00:00.000,0.0,,Noida Greater Noida Expressway
https://www.99acres.com/property-rates-and-price-trends-in-sector-79-noida-prffid,3,Noida,2025-02-19,sq.ft,Apartment,2,13250.0,Central Noida,Apartment/Flat,,,,2025-02-19 00:00:00.000,0.0,,Other
https://www.99acres.com/property-rates-and-price-trends-in-sector-133-noida-prffid,2,Noida,2025-02-19,sq.ft,Apartment,2,8250.0,Noida Greater Noida Expressway,Apartment/Flat,,,,2025-02-19 00:00:00.000,0.0,,Noida Greater Noida Expressway
https://www.99acres.com/property-rates-and-price-trends-in-sector-152-noida-prffid,2,Noida,2025-02-19,sq.ft,Apartment,2,11250.0,Noida Greater Noida Expressway,Apartment/Flat,,,,2025-02-19 00:00:00.000,0.0,,Noida Greater Noida Expressway
https://www.99acres.com/property-rates-and-price-trends-in-sector-108-noida-prffid,3,Noida,2025-02-19,sq.ft,Apartment,2,15200.0,Noida Greater Noida Expressway,Apartment/Flat,,,,2025-02-19 00:00:00.000,0.0,,Noida Greater Noida Expressway
https://www.99acres.com/residential-land-plot-for-sale-in-mominpet-hyderabad-240-sq-yard-spid-H79682279,0,Hyderabad,2025-01-19,2160 sqft,Residential land / Plot,0,2000000.0,Mominpet,Land/Plot,2160.0,2160.0,2160.0,2025-01-19 00:00:00.000,31.0,925.925925925926,Other
https://www.99acres.com/residential-land-plot-for-sale-in-kothur-hyderabad-233-sq-yard-spid-N79160347,0,Hyderabad,2025-01-19,2095 sqft,Residential land / Plot,0,3726000.0,Kothur,Land/Plot,2095.0,2095.0,2095.0,2025-01-19 00:00:00.000,31.0,1778.5202863961813,Other
https://www.99acres.com/residential-land-plot-for-sale-in-nadargul-hyderabad-150-sq-yard-r5-spid-X71362954,0,Hyderabad,2025-01-19,1350 sqft,Residential land / Plot,0,5400000.0,Nadargul,Land/Plot,1350.0,1350.0,1350.0,2025-01-19 00:00:00.000,31.0,4000.0,Other
https://www.99acres.com/3-bhk-bedroom-apartment-flat-for-sale-in-anantula-sai-ashirvad-nagole-hyderabad-1795-sq-ft-spid-M78519325,3,Hyderabad,2025-01-19,1795 sqft,3 BHK Flat,3,10500000.0,Nagole,Apartment/Flat,1795.0,1795.0,1795.0,2025-01-19 00:00:00.000,31.0,5849.58217270195,Other
https://www.99acres.com/3-bhk-bedroom-apartment-flat-for-sale-in-bscpl-bollineni-bion-kondapur-hyderabad-1965-sq-ft-spid-Z80157247,3,Hyderabad,2025-01-19,1965 sqft,3 BHK Flat,4,25300000.0,Kondapur,Apartment/Flat,1965.0,1965.0,1965.0,2025-01-19 00:00:00.000,31.0,12875.31806615776,Other
https://www.99acres.com/2-bhk-bedroom-apartment-flat-for-sale-in-bscpl-bollineni-bion-kondapur-hyderabad-1290-sq-ft-spid-Y80036359,2,Hyderabad,2025-01-19,1290 sqft,2 BHK Flat,2,16000000.0,Kondapur,Apartment/Flat,1290.0,1290.0,1290.0,2025-01-19 00:00:00.000,31.0,12403.100775193798,Other
https://www.99acres.com/residential-land-plot-for-sale-in-tellapur-hyderabad-420-sq-yard-spid-Y79542783,0,Hyderabad,2025-01-19,3780 sqft,Residential land / Plot,0,58000000.0,Tellapur,Land/Plot,3780.0,3780.0,3780.0,2025-01-19 00:00:00.000,31.0,15343.915343915343,Tellapur
https://www.99acres.com/residential-land-plot-for-sale-in-bangalore-highway-hyderabad-200-sq-yard-spid-K79368821,0,Hyderabad,2025-01-19,1800 sqft,Residential land / Plot,0,5200000.0,Bangalore Highway,Land/Plot,1800.0,1800.0,1800.0,2025-01-19 00:00:00.000,31.0,2888.8888888888887,Other
https://www.99acres.com/residential-land-plot-for-sale-in-bhashyam-rrr-county-shankarpally-hyderabad-185-sq-yard-spid-D79776527,0,Hyderabad,2025-01-19,1665 sqft,Residential land / Plot,0,2960000.0,Shankarpally,Land/Plot,1665.0,1665.0,1665.0,2025-01-19 00:00:00.000,31.0,1777.7777777777778,Other
https://www.99acres.com/residential-land-plot-for-sale-in-nallagandla-hyderabad-430-sq-yard-spid-H79543277,0,Hyderabad,2025-01-19,3870 sqft,Residential land / Plot,0,56000000.0,Nallagandla,Land/Plot,3870.0,3870.0,3870.0,2025-01-19 00:00:00.000,31.0,14470.284237726099,Other
https://www.99acres.com/adityaram-nagar-5-ecr-chennai-south-npxid-r1383,0,Chennai,2025-02-19,2400 - 4800 sq.ft.,Land,0,19000000.0,ECR,Land/Plot,2400.0,4800.0,3600.0,2025-02-19 00:00:00.000,0.0,5277.777777777777,Other
https://www.99acres.com/minerva-sai-darshan-perumbakkam-chennai-south-npxid-r436802,2,Chennai,2025-02-19,1165 sq.ft.,2 BHK Apartment,0,7514000.0,Perumbakkam,Apartment/Flat,1165.0,1165.0,1165.0,2025-02-19 00:00:00.000,0.0,6449.785407725322,Other
https://www.99acres.com/hiranandani-loftline-thaiyur-chennai-south-npxid-r27142,0,Chennai,2025-02-19,1200 - 2000 sq.ft.,Land,0,4230000.0,Thaiyur,Land/Plot,1200.0,2000.0,1600.0,2025-02-19 00:00:00.000,0.0,2643.75,Other
https://www.99acres.com/dlf-parc-estate-siruseri-chennai-south-npxid-r385441,0,Chennai,2025-02-19,0 sq.ft.,Land,0,7600000.0,Siruseri,Land/Plot,0.0,0.0,0.0,2025-02-19 00:00:00.000,0.0,,Other
https://www.99acres.com/isha-shubham-new-perungalathur-chennai-south-npxid-r402129,2,Chennai,2025-02-19,1163 - 1305 sq.ft.,"2, 3 BHK Apartment",0,6513000.0,New perungalathur,Apartment/Flat,1163.0,1305.0,1234.0,2025-02-19 00:00:00.000,0.0,5277.957860615883,Other
https://www.99acres.com/elite-akash-garden-kandigai-chennai-south-npxid-r378854,0,Chennai,2025-02-19,801 - 1979 sq.ft.,Land,0,2723000.0,Kandigai,Land/Plot,801.0,1979.0,1390.0,2025-02-19 00:00:00.000,0.0,1958.9928057553957,Other
https://www.99acres.com/vgn-grandeur-iyyappanthangal-chennai-west-npxid-r427423,0,Chennai,2025-02-19,497 - 3601 sq.ft.,Land,0,4062000.0,Iyyappanthangal,Land/Plot,497.0,3601.0,2049.0,2025-02-19 00:00:00.000,0.0,1982.4304538799415,Other
https://www.99acres.com/dra-infinique-valasaravakkam-chennai-west-npxid-r419925,3,Chennai,2025-02-19,1172 - 1386 sq.ft.,"3, 4 BHK Apartment",0,21200000.0,Valasaravakkam,Apartment/Flat,1172.0,1386.0,1279.0,2025-02-19 00:00:00.000,0.0,16575.449569976543,Other
https://www.99acres.com/3-bhk-bedroom-apartment-flat-for-sale-in-perungudi-chennai-south-1723-sq-ft-spid-R79451893,3,Chennai,2025-02-19,1723 sq.ft.,3 BHK Flat,3,20700000.0,Perungudi,Apartment/Flat,1723.0,1723.0,1723.0,2025-02-19 00:00:00.000,0.0,12013.929193267557,Other
https://www.99acres.com/residential-land-plot-for-sale-in-dharani-square-maraimalai-nagar-chennai-south-187-sq-yard-r2-spid-X74990473,0,Chennai,2025-02-19,1680 sq.ft.,Residential land / Plot,0,4800000.0,"Maraimalai Nagar, GST Road",Land/Plot,1680.0,1680.0,1680.0,2025-02-19 00:00:00.000,0.0,2857.1428571428573,Other
https://www.99acres.com/residential-land-plot-for-sale-in-chirle-navi-mumbai-121-sq-yard-spid-S80043461,0,Navi Mumbai,2025-02-19,1089 sqft,Residential land / Plot,0,5.15,Chirle,Land/Plot,1089.0,1089.0,1089.0,2025-02-19 00:00:00.000,0.0,0.00472910927456382,Other
https://www.99acres.com/residential-land-plot-for-sale-in-panvel-navi-mumbai-121-sq-yard-spid-Y80121649,0,Navi Mumbai,2025-02-19,1089 sqft,Residential land / Plot,0,9.0,Panvel,Land/Plot,1089.0,1089.0,1089.0,2025-02-19 00:00:00.000,0.0,0.008264462809917356,Other
https://www.99acres.com/1-bhk-bedroom-independent-house-villa-for-sale-in-nalanda-nagar-central-mumbai-suburbs-300-sq-ft-r2-spid-Y61567464,1,Mumbai,2025-02-19,300 sqft,1 Bedroom House,1,15.0,Nalanda Nagar,House,300.0,300.0,300.0,2025-02-19 00:00:00.000,0.0,0.05,Other
https://www.99acres.com/1-bhk-bedroom-independent-builder-floor-for-sale-in-south-mumbai-400-sq-ft-spid-Q79837329,1,Mumbai,2025-02-19,400 sqft,1 BHK Independent Builder Floor,1,15.0,Badlapur Vangani,Independent Floor,400.0,400.0,400.0,2025-02-19 00:00:00.000,0.0,0.0375,Other
https://www.99acres.com/studio-apartment-flat-for-sale-in-mumbai-andheri-dahisar-200-sq-ft-spid-F78213639,1,Mumbai,2025-02-19,200 sqft,Studio Apartments / 1 RK Flats,1,9.0,nallasopara,Apartment/Flat,200.0,200.0,200.0,2025-02-19 00:00:00.000,0.0,0.045,Other
https://www.99acres.com/1-bhk-bedroom-independent-house-villa-for-sale-in-santacruz-east-western-mumbai-180-sq-ft-spid-F80308689,1,Mumbai,2025-02-19,180 sqft,1 Bedroom House,1,15.0,Santacruz East,House,180.0,180.0,180.0,2025-02-19 00:00:00.000,0.0,0.08333333333333333,Other
https://www.99acres.com/1-bhk-bedroom-apartment-flat-for-sale-in-malad-west-mumbai-andheri-dahisar-200-sq-ft-spid-Y80284943,1,Mumbai,2025-02-19,200 sqft,1 BHK Flat,1,13.0,Malad West,Apartment/Flat,200.0,200.0,200.0,2025-02-19 00:00:00.000,0.0,0.065,Other
https://www.99acres.com/1-bhk-bedroom-independent-builder-floor-for-sale-in-asalpha-central-mumbai-suburbs-100-sq-ft-spid-I80257293,1,Mumbai,2025-02-19,100 sqft,1 BHK Independent Builder Floor,1,13.0,Asalpha,Independent Floor,100.0,100.0,100.0,2025-02-19 00:00:00.000,0.0,0.13,Other
https://www.99acres.com/1-bhk-bedroom-independent-builder-floor-for-sale-in-kandivali-east-mumbai-andheri-dahisar-360-sq-ft-spid-R80142791,1,Mumbai,2025-02-19,360 sqft,1 BHK Independent Builder Floor,1,11.5,Kandivali East,Independent Floor,360.0,360.0,360.0,2025-02-19 00:00:00.000,0.0,0.03194444444444444,Other
https://www.99acres.com/1-bhk-bedroom-independent-house-villa-for-sale-in-kandivali-west-mumbai-andheri-dahisar-340-sq-ft-spid-V80094569,1,Mumbai,2025-02-19,340 sqft,1 Bedroom House,1,12.0,Kandivali West,House,340.0,340.0,340.0,2025-02-19 00:00:00.000,0.0,0.03529411764705882,Other
https://www.99acres.com/3-bhk-bedroom-apartment-flat-for-sale-in-kundan-eternia-2-ghorpadi-pune-1510-sq-ft-spid-B79570853,3,Pune,2025-02-18,1510 sqft,Residential apartment,3,16000000.0,Ghorpadi,Apartment/Flat,1510.0,1510.0,1510.0,2025-02-18 00:00:00.000,1.0,10596.026490066226,Other
https://www.99acres.com/2-bhk-bedroom-apartment-flat-for-sale-in-sinhgad-road-pune-1075-sq-ft-spid-A79425559,2,Pune,2025-01-19,1075 sqft,Residential apartment,2,13000000.0,Sinhgad Road,Apartment/Flat,1075.0,1075.0,1075.0,2025-01-19 00:00:00.000,31.0,12093.023255813954,Other
https://www.99acres.com/3-bhk-bedroom-apartment-flat-for-sale-in-godrej-prana-undri-pune-south-1150-sq-ft-spid-C76644695,3,Pune,2025-02-05,1150 sqft,Residential apartment,2,9500000.0,Undri,Apartment/Flat,1150.0,1150.0,1150.0,2025-02-05 00:00:00.000,14.0,8260.869565217392,Other
https://www.99acres.com/2-bhk-bedroom-apartment-flat-for-sale-in-shapoorji-joyville-sensorium-hinjewadi-pune-710-sq-ft-spid-T77568443,2,Pune,2025-01-19,710 sqft,Residential apartment,2,8700000.0,Hinjewadi,Apartment/Flat,710.0,710.0,710.0,2025-01-19 00:00:00.000,31.0,12253.521126760563,Other
https://www.99acres.com/3-bhk-bedroom-apartment-flat-for-sale-in-vtp-cygnus-manjari-khurd-pune-840-sq-ft-spid-E79181215,3,Pune,2025-01-19,840 sqft,Residential apartment,3,10000000.0,Manjari Khurd,Apartment/Flat,840.0,840.0,840.0,2025-01-19 00:00:00.000,31.0,11904.761904761905,Other
https://www.99acres.com/2-bhk-bedroom-apartment-flat-for-sale-in-punawale-pune-west-690-sq-ft-spid-D79740105,2,Pune,2025-02-13,690 sqft,Residential apartment,2,6500000.0,Punawale,Apartment/Flat,690.0,690.0,690.0,2025-02-13 00:00:00.000,6.0,9420.289855072464,Other
https://www.99acres.com/6-bhk-bedroom-independent-house-villa-for-sale-in-katraj-pune-840-sq-ft-spid-T76240347,6,Pune,2025-01-19,840 sqft,Independent House/Villa,6,13500000.0,Katraj,Villa,840.0,840.0,840.0,2025-01-19 00:00:00.000,31.0,16071.42857142857,Other
https://www.99acres.com/1-bhk-bedroom-apartment-flat-for-sale-in-amrutvel-greens-kirkatwadi-pune-640-sq-ft-spid-M77933479,1,Pune,2025-02-17,640 sqft,Residential apartment,1,3500000.0,Kirkatwadi,Apartment/Flat,640.0,640.0,640.0,2025-02-17 00:00:00.000,2.0,5468.75,Other
https://www.99acres.com/3-bhk-bedroom-apartment-flat-for-sale-in-godrej-hillside-mahalunge-pune-878-sq-ft-spid-V80127563,3,Pune,2025-02-12,878 sqft,Residential apartment,3,12000000.0,Mahalunge,Apartment/Flat,878.0,878.0,878.0,2025-02-12 00:00:00.000,7.0,13667.425968109339,Other
